pet_id,date,procedure_type,procedure_subcode
U6-4890,2016-01-10,VACCINATIONS,05
X7-2632,2016-01-11,VACCINATIONS,05
J0-7893,2016-01-11,VACCINATIONS,05
P0-1725,2016-01-11,VACCINATIONS,05
J6-8562,2016-01-12,HOSPITALIZATION,01
X8-8611,2016-01-12,VACCINATIONS,05
S4-0789,2016-01-12,VACCINATIONS,05
R7-4835,2016-01-12,VACCINATIONS,05
U2-7207,2016-01-12,VACCINATIONS,05
J2-3320,2016-01-12,GENERAL SURGERIES,06
U0-5987,2016-01-12,GENERAL SURGERIES,03
I2-7926,2016-01-13,VACCINATIONS,05
O8-0027,2016-01-13,VACCINATIONS,05
Q8-3145,2016-01-13,VACCINATIONS,05
G0-7675,2016-01-13,VACCINATIONS,05
O1-7229,2016-01-13,VACCINATIONS,05
F6-5391,2016-01-13,VACCINATIONS,05
M2-1131,2016-01-13,VACCINATIONS,05
I5-4893,2016-01-13,VACCINATIONS,05
S4-0789,2016-01-13,GENERAL SURGERIES,014
Q2-3642,2016-01-13,GROOMING,03
U4-9376,2016-01-13,GROOMING,03
S5-5938,2016-01-13,GROOMING,01
M4-9675,2016-01-14,GROOMING,01
O1-7229,2016-01-15,GENERAL SURGERIES,03
Z6-3226,2016-01-16,ORTHOPEDIC,02
M0-2904,2016-01-16,VACCINATIONS,03
S4-1063,2016-01-16,VACCINATIONS,05
L0-6660,2016-01-16,VACCINATIONS,05
Q4-9479,2016-01-16,VACCINATIONS,05
G6-6501,2016-01-16,VACCINATIONS,05
N6-7350,2016-01-16,VACCINATIONS,05
X0-8765,2016-01-16,VACCINATIONS,05
L0-6660,2016-01-16,VACCINATIONS,05
L8-0046,2016-01-16,VACCINATIONS,05
R3-7551,2016-01-16,VACCINATIONS,05
Q4-9479,2016-01-16,VACCINATIONS,05
L8-9022,2016-01-16,VACCINATIONS,05
U4-9376,2016-01-16,VACCINATIONS,05
T0-5705,2016-01-16,VACCINATIONS,05
L8-9022,2016-01-16,VACCINATIONS,05
X0-8765,2016-01-16,VACCINATIONS,05
G4-8096,2016-01-16,VACCINATIONS,05
U4-9376,2016-01-16,VACCINATIONS,05
S4-0789,2016-01-16,VACCINATIONS,05
L8-9022,2016-01-16,VACCINATIONS,05
N0-9539,2016-01-16,GENERAL SURGERIES,06
Z6-3226,2016-01-16,GROOMING,03
S4-2254,2016-01-16,GROOMING,01
X8-8611,2016-01-16,GROOMING,01
X8-8611,2016-01-16,GROOMING,01
S5-5938,2016-01-17,GROOMING,01
Q5-5872,2016-01-17,ORTHOPEDIC,08
J2-3320,2016-01-18,VACCINATIONS,05
W9-8307,2016-01-18,GROOMING,01
K4-5012,2016-01-18,GENERAL SURGERIES,03
Q0-3593,2016-01-19,OFFICE FEES,03
N0-9539,2016-01-19,ORTHOPEDIC,05
G0-7675,2016-01-20,VACCINATIONS,05
J0-7893,2016-01-20,GROOMING,01
O5-2472,2016-01-21,VACCINATIONS,05
L4-2594,2016-01-22,VACCINATIONS,05
X0-8765,2016-01-22,VACCINATIONS,05
L8-9022,2016-01-22,VACCINATIONS,05
X0-8765,2016-01-22,VACCINATIONS,05
U6-4890,2016-01-22,VACCINATIONS,05
U4-5113,2016-01-22,VACCINATIONS,05
R4-6131,2016-01-22,VACCINATIONS,05
X8-9212,2016-01-22,VACCINATIONS,05
M2-1131,2016-01-22,VACCINATIONS,05
I7-9550,2016-01-22,GROOMING,01
O6-3123,2016-01-22,GENERAL SURGERIES,03
J8-7429,2016-01-23,VACCINATIONS,05
I7-9550,2016-01-23,VACCINATIONS,05
S4-2254,2016-01-23,GENERAL SURGERIES,015
Z8-4419,2016-01-23,GROOMING,01
G0-8531,2016-01-24,VACCINATIONS,05
L8-9022,2016-01-24,VACCINATIONS,05
X8-8611,2016-01-24,GROOMING,03
R3-7551,2016-01-25,GENERAL SURGERIES,015
L4-6292,2016-01-25,VACCINATIONS,05
L8-9022,2016-01-26,VACCINATIONS,05
Q8-0954,2016-01-26,VACCINATIONS,05
F6-5391,2016-01-26,VACCINATIONS,05
I7-9550,2016-01-26,VACCINATIONS,05
X8-9212,2016-01-26,VACCINATIONS,05
L4-4205,2016-01-26,GROOMING,01
X7-2632,2016-01-26,GENERAL SURGERIES,03
Q8-8753,2016-01-27,VACCINATIONS,05
R3-7551,2016-01-27,VACCINATIONS,05
S4-4013,2016-01-27,VACCINATIONS,05
O5-2472,2016-01-27,VACCINATIONS,05
K0-8177,2016-01-27,VACCINATIONS,05
U0-5987,2016-01-27,VACCINATIONS,05
Z8-4419,2016-01-27,VACCINATIONS,05
Q8-0954,2016-01-27,VACCINATIONS,05
V5-2342,2016-01-27,VACCINATIONS,05
T0-5705,2016-01-27,VACCINATIONS,05
N6-7350,2016-01-27,VACCINATIONS,05
P1-2578,2016-01-27,VACCINATIONS,05
L4-4030,2016-01-27,VACCINATIONS,05
H2-8586,2016-01-27,GENERAL SURGERIES,01
J6-8562,2016-01-27,ORTHOPEDIC,05
S5-5938,2016-01-27,GROOMING,03
Q0-3593,2016-01-28,VACCINATIONS,05
U4-5113,2016-01-28,VACCINATIONS,05
L8-0046,2016-01-28,OFFICE FEES,03
S4-1063,2016-01-28,GROOMING,03
O8-2501,2016-01-28,GROOMING,03
Q8-8753,2016-01-28,GROOMING,01
N7-6805,2016-01-29,VACCINATIONS,05
V5-2342,2016-01-29,VACCINATIONS,05
Q8-8753,2016-01-29,VACCINATIONS,05
U0-5987,2016-01-30,VACCINATIONS,05
V5-2342,2016-01-30,VACCINATIONS,05
P9-6519,2016-01-30,VACCINATIONS,05
T0-3277,2016-01-30,VACCINATIONS,05
Z4-4045,2016-01-30,VACCINATIONS,05
U2-7207,2016-01-30,VACCINATIONS,05
P7-2443,2016-01-30,VACCINATIONS,05
T0-5705,2016-01-30,VACCINATIONS,05
S4-1063,2016-01-30,HOSPITALIZATION,01
K4-5012,2016-01-30,GENERAL SURGERIES,018
S1-2243,2016-01-30,GROOMING,02
Z6-3226,2016-01-30,ORTHOPEDIC,07
X8-8611,2016-01-30,GENERAL SURGERIES,019
F6-5391,2016-01-30,OFFICE FEES,02
G6-6501,2016-01-30,GROOMING,03
X7-2632,2016-01-30,GENERAL SURGERIES,03
Q4-9479,2016-01-31,VACCINATIONS,05
Q9-1565,2016-01-31,VACCINATIONS,05
L4-9973,2016-01-31,VACCINATIONS,05
P2-7342,2016-01-31,VACCINATIONS,05
G4-8096,2016-01-31,VACCINATIONS,05
U4-9376,2016-01-31,VACCINATIONS,05
W9-8307,2016-01-31,VACCINATIONS,05
P2-7342,2016-01-31,VACCINATIONS,05
X6-4876,2016-01-31,GENERAL SURGERIES,03
J6-8562,2016-01-31,GENERAL SURGERIES,03
Z6-3226,2016-02-01,GROOMING,03
J8-7429,2016-02-01,VACCINATIONS,05
O6-3123,2016-02-01,VACCINATIONS,05
N8-0553,2016-02-01,VACCINATIONS,05
U6-4890,2016-02-01,VACCINATIONS,05
R7-4835,2016-02-01,VACCINATIONS,05
W9-8307,2016-02-01,VACCINATIONS,05
W7-6372,2016-02-01,VACCINATIONS,05
I2-7926,2016-02-01,VACCINATIONS,05
Z8-4419,2016-02-01,VACCINATIONS,05
L2-1834,2016-02-01,VACCINATIONS,05
H2-8586,2016-02-01,VACCINATIONS,05
N0-9539,2016-02-01,VACCINATIONS,05
O5-2472,2016-02-01,VACCINATIONS,05
O8-2501,2016-02-01,VACCINATIONS,05
J2-3320,2016-02-01,VACCINATIONS,05
N0-9539,2016-02-01,VACCINATIONS,05
V5-2342,2016-02-01,VACCINATIONS,05
Q9-1565,2016-02-01,VACCINATIONS,05
Q0-8904,2016-02-01,GENERAL SURGERIES,06
X8-8611,2016-02-01,GROOMING,03
M0-2904,2016-02-01,GROOMING,01
S4-4013,2016-02-01,GENERAL SURGERIES,03
W8-5750,2016-02-01,GENERAL SURGERIES,03
O3-1895,2016-02-01,GENERAL SURGERIES,03
U8-6473,2016-02-02,ORTHOPEDIC,06
Q2-3642,2016-02-02,VACCINATIONS,05
T2-2142,2016-02-02,VACCINATIONS,05
P7-2443,2016-02-02,VACCINATIONS,05
Q0-2001,2016-02-02,VACCINATIONS,05
L8-9022,2016-02-02,VACCINATIONS,05
J2-3320,2016-02-02,VACCINATIONS,05
O6-3123,2016-02-02,VACCINATIONS,05
U8-6473,2016-02-02,VACCINATIONS,05
S4-2254,2016-02-02,VACCINATIONS,05
X8-8611,2016-02-02,VACCINATIONS,05
J2-3320,2016-02-02,VACCINATIONS,05
N6-7350,2016-02-02,VACCINATIONS,05
N0-9539,2016-02-02,GENERAL SURGERIES,016
G9-0817,2016-02-02,GENERAL SURGERIES,06
P9-3625,2016-02-02,GENERAL SURGERIES,015
S5-5938,2016-02-02,GROOMING,03
S4-0789,2016-02-02,GROOMING,03
T8-1754,2016-02-02,GROOMING,03
S4-0789,2016-02-02,GROOMING,03
X8-8611,2016-02-02,GROOMING,01
N6-7350,2016-02-02,GROOMING,01
O3-1895,2016-02-02,GROOMING,01
I7-9550,2016-02-02,GENERAL SURGERIES,03
M0-2904,2016-02-02,GENERAL SURGERIES,03
O3-1895,2016-02-03,GENERAL SURGERIES,013
Q0-2001,2016-02-03,VACCINATIONS,05
H8-8856,2016-02-03,VACCINATIONS,05
P7-2443,2016-02-03,VACCINATIONS,05
J1-6366,2016-02-03,VACCINATIONS,05
T0-3277,2016-02-03,VACCINATIONS,05
N7-6805,2016-02-03,VACCINATIONS,05
J0-7893,2016-02-03,VACCINATIONS,05
X0-8765,2016-02-03,VACCINATIONS,05
T0-5705,2016-02-03,VACCINATIONS,05
G6-6501,2016-02-03,VACCINATIONS,05
R7-4835,2016-02-03,VACCINATIONS,05
J8-7429,2016-02-03,VACCINATIONS,05
Q8-0954,2016-02-03,VACCINATIONS,05
S4-4013,2016-02-03,VACCINATIONS,05
I7-9550,2016-02-03,VACCINATIONS,05
P2-7342,2016-02-03,VACCINATIONS,05
Q8-0954,2016-02-03,VACCINATIONS,05
G9-0817,2016-02-03,VACCINATIONS,05
Q9-1565,2016-02-03,VACCINATIONS,05
M4-9675,2016-02-03,VACCINATIONS,05
N8-0553,2016-02-03,VACCINATIONS,05
X8-8611,2016-02-03,VACCINATIONS,05
Z4-4045,2016-02-03,VACCINATIONS,05
P1-2578,2016-02-03,VACCINATIONS,05
G9-0817,2016-02-03,VACCINATIONS,05
Z4-4045,2016-02-03,VACCINATIONS,05
N8-0553,2016-02-03,VACCINATIONS,05
L8-0046,2016-02-03,VACCINATIONS,05
N8-0553,2016-02-03,VACCINATIONS,05
S4-9578,2016-02-03,VACCINATIONS,05
W8-5750,2016-02-03,VACCINATIONS,05
Q0-8904,2016-02-03,VACCINATIONS,03
U4-5113,2016-02-03,VACCINATIONS,04
O1-7229,2016-02-03,GENERAL SURGERIES,07
X8-9212,2016-02-03,GENERAL SURGERIES,09
Z6-3226,2016-02-03,OFFICE FEES,01
I7-9550,2016-02-03,GROOMING,01
Q8-0954,2016-02-03,GROOMING,03
P0-1725,2016-02-03,GENERAL SURGERIES,019
M8-7852,2016-02-03,GROOMING,03
V5-2342,2016-02-03,GROOMING,03
X0-8765,2016-02-03,GROOMING,03
R7-4835,2016-02-03,GROOMING,03
O1-7229,2016-02-03,GROOMING,01
U8-6473,2016-02-04,ORTHOPEDIC,05
P7-2443,2016-02-04,GENERAL SURGERIES,016
N7-6805,2016-02-04,VACCINATIONS,05
W9-8307,2016-02-04,ORTHOPEDIC,05
K4-5012,2016-02-04,VACCINATIONS,05
Q8-3145,2016-02-04,VACCINATIONS,05
G0-7675,2016-02-04,VACCINATIONS,05
L4-4030,2016-02-04,VACCINATIONS,05
G6-6501,2016-02-04,VACCINATIONS,05
J1-6366,2016-02-04,VACCINATIONS,05
Z6-3226,2016-02-04,VACCINATIONS,05
J1-6366,2016-02-04,VACCINATIONS,05
U4-5113,2016-02-04,VACCINATIONS,05
S4-9578,2016-02-04,VACCINATIONS,05
P7-2443,2016-02-04,VACCINATIONS,05
U2-7207,2016-02-04,VACCINATIONS,05
R7-4835,2016-02-04,VACCINATIONS,05
O5-2472,2016-02-04,VACCINATIONS,05
Z8-4419,2016-02-04,VACCINATIONS,05
L4-6292,2016-02-04,VACCINATIONS,05
T8-1754,2016-02-04,VACCINATIONS,05
X8-9212,2016-02-04,VACCINATIONS,05
G6-6501,2016-02-04,VACCINATIONS,05
L4-6292,2016-02-04,VACCINATIONS,05
Z6-3226,2016-02-04,VACCINATIONS,05
H2-8586,2016-02-04,VACCINATIONS,05
K4-5012,2016-02-04,VACCINATIONS,05
H8-1429,2016-02-04,VACCINATIONS,05
R4-6131,2016-02-04,VACCINATIONS,05
G4-8096,2016-02-04,VACCINATIONS,05
Q9-1565,2016-02-04,VACCINATIONS,05
L4-6292,2016-02-04,VACCINATIONS,05
Q9-1565,2016-02-04,VACCINATIONS,05
P2-7342,2016-02-04,VACCINATIONS,05
O5-2472,2016-02-04,VACCINATIONS,05
O8-2501,2016-02-04,VACCINATIONS,05
J8-7429,2016-02-04,VACCINATIONS,05
Q9-1565,2016-02-04,VACCINATIONS,05
P9-6519,2016-02-04,VACCINATIONS,05
N6-7350,2016-02-04,VACCINATIONS,05
T0-3277,2016-02-04,VACCINATIONS,05
Q4-9479,2016-02-04,VACCINATIONS,05
U8-6473,2016-02-04,VACCINATIONS,05
Q4-9479,2016-02-04,VACCINATIONS,05
Z4-4045,2016-02-04,VACCINATIONS,05
L0-6660,2016-02-04,GENERAL SURGERIES,04
L8-9022,2016-02-04,GENERAL SURGERIES,015
X8-9212,2016-02-04,GENERAL SURGERIES,018
I2-7926,2016-02-04,GROOMING,02
H8-1429,2016-02-04,GENERAL SURGERIES,06
I5-4893,2016-02-04,GENERAL SURGERIES,015
P9-3625,2016-02-04,VACCINATIONS,04
S4-4013,2016-02-04,OFFICE FEES,01
G0-8531,2016-02-04,VACCINATIONS,01
G9-0817,2016-02-04,OFFICE FEES,02
X8-8611,2016-02-04,ORTHOPEDIC,06
R7-4835,2016-02-04,GROOMING,03
K4-5012,2016-02-04,GROOMING,03
X0-8765,2016-02-04,GROOMING,03
G9-0817,2016-02-04,GROOMING,03
U4-9376,2016-02-04,GROOMING,01
H8-8856,2016-02-04,GROOMING,01
X8-9212,2016-02-04,GROOMING,01
G0-7675,2016-02-04,GROOMING,01
P9-6519,2016-02-04,GROOMING,01
L2-1834,2016-02-04,GENERAL SURGERIES,03
V2-4634,2016-02-04,GENERAL SURGERIES,03
U4-6674,2016-02-04,GENERAL SURGERIES,03
I5-4893,2016-02-05,VACCINATIONS,05
U4-9376,2016-02-05,VACCINATIONS,05
X0-8765,2016-02-05,VACCINATIONS,05
U8-6473,2016-02-05,VACCINATIONS,05
W8-5750,2016-02-05,VACCINATIONS,05
I7-9550,2016-02-05,VACCINATIONS,05
L4-6292,2016-02-05,VACCINATIONS,05
O6-3123,2016-02-05,VACCINATIONS,05
I5-4893,2016-02-05,VACCINATIONS,05
M8-7852,2016-02-05,VACCINATIONS,05
M0-2904,2016-02-05,VACCINATIONS,05
P9-3625,2016-02-05,VACCINATIONS,05
L0-6660,2016-02-05,VACCINATIONS,05
X8-8611,2016-02-05,VACCINATIONS,05
U4-5113,2016-02-05,VACCINATIONS,05
V4-6172,2016-02-05,VACCINATIONS,05
Q0-8904,2016-02-05,VACCINATIONS,05
U0-5987,2016-02-05,VACCINATIONS,05
L4-4205,2016-02-05,OFFICE FEES,02
X7-2632,2016-02-05,ORTHOPEDIC,01
U0-5987,2016-02-05,GROOMING,03
I7-9550,2016-02-05,GROOMING,03
V2-4634,2016-02-05,GROOMING,03
Z4-4045,2016-02-05,GROOMING,03
Q8-0954,2016-02-05,GROOMING,01
Q8-0954,2016-02-05,GENERAL SURGERIES,03
L2-1834,2016-02-05,GENERAL SURGERIES,03
F2-3235,2016-02-06,VACCINATIONS,05
W7-6372,2016-02-06,VACCINATIONS,05
Q0-3593,2016-02-06,VACCINATIONS,05
G0-8531,2016-02-07,VACCINATIONS,05
Q4-9479,2016-02-07,VACCINATIONS,05
T0-3277,2016-02-08,VACCINATIONS,05
L0-6660,2016-02-08,VACCINATIONS,05
S4-9578,2016-02-08,GENERAL SURGERIES,03
J2-3320,2016-02-09,VACCINATIONS,05
R7-4835,2016-02-09,VACCINATIONS,05
H8-1429,2016-02-09,VACCINATIONS,05
F2-3235,2016-02-09,VACCINATIONS,05
V4-6172,2016-02-09,VACCINATIONS,05
H2-8586,2016-02-09,GROOMING,03
I6-9459,2016-02-10,VACCINATIONS,05
X7-2632,2016-02-10,VACCINATIONS,05
T0-5705,2016-02-10,VACCINATIONS,05
U2-7207,2016-02-10,VACCINATIONS,05
M0-2904,2016-02-10,VACCINATIONS,05
O6-3123,2016-02-11,VACCINATIONS,05
U8-6473,2016-02-11,VACCINATIONS,05
N8-0553,2016-02-11,ORTHOPEDIC,03
S4-0789,2016-02-11,GENERAL SURGERIES,02
M8-7852,2016-02-11,GROOMING,03
H8-8856,2016-02-12,VACCINATIONS,05
S4-0789,2016-02-12,VACCINATIONS,05
V5-2342,2016-02-12,VACCINATIONS,05
Q8-8753,2016-02-12,VACCINATIONS,05
R4-6131,2016-02-12,VACCINATIONS,05
K0-8177,2016-02-12,VACCINATIONS,05
L8-9022,2016-02-12,VACCINATIONS,05
U0-5987,2016-02-12,VACCINATIONS,05
U2-4205,2016-02-12,VACCINATIONS,05
L0-6660,2016-02-12,VACCINATIONS,05
L4-4030,2016-02-12,ORTHOPEDIC,09
P9-3625,2016-02-12,GENERAL SURGERIES,01
U2-4205,2016-02-12,VACCINATIONS,06
V7-6771,2016-02-12,HOSPITALIZATION,01
P2-7342,2016-02-12,GENERAL SURGERIES,04
L4-4205,2016-02-12,GROOMING,03
L4-9973,2016-02-12,GROOMING,03
Z6-3226,2016-02-12,GROOMING,01
F2-3235,2016-02-12,GROOMING,01
Q8-0954,2016-02-13,GROOMING,01
J0-7893,2016-02-13,GENERAL SURGERIES,03
I5-4893,2016-02-14,VACCINATIONS,05
Q2-3642,2016-02-14,VACCINATIONS,05
N8-0553,2016-02-14,VACCINATIONS,05
L0-6660,2016-02-14,VACCINATIONS,05
I6-9459,2016-02-14,VACCINATIONS,05
L8-0046,2016-02-14,VACCINATIONS,05
O8-2501,2016-02-14,VACCINATIONS,05
J6-8562,2016-02-14,VACCINATIONS,05
M8-7852,2016-02-14,VACCINATIONS,05
Q2-3642,2016-02-14,OFFICE FEES,03
R7-4835,2016-02-14,GROOMING,03
X8-9212,2016-02-14,GENERAL SURGERIES,03
Q2-3642,2016-02-15,VACCINATIONS,05
M0-2904,2016-02-15,VACCINATIONS,05
T2-2142,2016-02-15,VACCINATIONS,05
Q9-1565,2016-02-15,VACCINATIONS,05
J8-7429,2016-02-15,VACCINATIONS,05
S4-9578,2016-02-15,GENERAL SURGERIES,013
S5-5938,2016-02-15,ORTHOPEDIC,03
P9-6519,2016-02-15,GROOMING,03
L4-2594,2016-02-15,GROOMING,01
R7-4835,2016-02-16,VACCINATIONS,05
W7-6372,2016-02-17,VACCINATIONS,05
H2-8586,2016-02-17,VACCINATIONS,05
O5-2472,2016-02-17,VACCINATIONS,05
U6-4890,2016-02-17,VACCINATIONS,05
O8-2501,2016-02-17,VACCINATIONS,05
V4-6172,2016-02-17,VACCINATIONS,05
Z4-5652,2016-02-17,ORTHOPEDIC,05
N0-9539,2016-02-17,ORTHOPEDIC,02
N7-6805,2016-02-17,GROOMING,03
U2-7207,2016-02-18,VACCINATIONS,05
R4-6131,2016-02-19,VACCINATIONS,05
U6-4890,2016-02-19,ORTHOPEDIC,02
X6-4876,2016-02-20,VACCINATIONS,05
V7-6771,2016-02-20,VACCINATIONS,05
O8-2501,2016-02-20,VACCINATIONS,05
X7-2632,2016-02-20,GROOMING,03
W8-5750,2016-02-20,GROOMING,03
R3-7551,2016-02-20,GROOMING,01
O3-1895,2016-02-20,GENERAL SURGERIES,03
X7-2632,2016-02-21,VACCINATIONS,05
T2-2142,2016-02-21,GROOMING,01
I2-7926,2016-02-21,GROOMING,01
I5-4893,2016-02-22,VACCINATIONS,05
M4-9675,2016-02-22,VACCINATIONS,05
M4-9675,2016-02-22,GROOMING,03
Z8-4419,2016-02-22,GROOMING,03
N8-0553,2016-02-22,GROOMING,01
U2-4205,2016-02-23,VACCINATIONS,05
I7-9550,2016-02-23,VACCINATIONS,05
Q9-1565,2016-02-23,GENERAL SURGERIES,012
S4-0789,2016-02-23,GROOMING,03
J2-3320,2016-02-23,GROOMING,01
V5-2342,2016-02-24,VACCINATIONS,05
J2-4382,2016-02-24,VACCINATIONS,05
Q0-3593,2016-02-24,VACCINATIONS,05
L0-6660,2016-02-24,VACCINATIONS,05
P9-3625,2016-02-24,VACCINATIONS,05
L8-0046,2016-02-24,VACCINATIONS,05
W8-5750,2016-02-24,GROOMING,03
S5-5938,2016-02-24,GROOMING,01
S4-4013,2016-02-24,GENERAL SURGERIES,03
N6-7350,2016-02-25,VACCINATIONS,05
U0-5987,2016-02-26,VACCINATIONS,05
Q9-1565,2016-02-26,VACCINATIONS,05
L4-4205,2016-02-26,VACCINATIONS,05
P2-7342,2016-02-26,VACCINATIONS,05
P1-2578,2016-02-26,GROOMING,01
L4-4205,2016-02-26,GROOMING,01
P7-2443,2016-02-27,GENERAL SURGERIES,09
J2-3320,2016-02-27,VACCINATIONS,05
T0-5705,2016-02-27,VACCINATIONS,05
P1-2578,2016-02-27,VACCINATIONS,05
T0-5705,2016-02-27,VACCINATIONS,05
X6-4876,2016-02-27,GENERAL SURGERIES,06
Z4-4045,2016-02-27,GROOMING,01
L4-9973,2016-02-28,VACCINATIONS,05
U4-9376,2016-02-28,VACCINATIONS,05
J8-7429,2016-02-28,VACCINATIONS,05
S4-2254,2016-02-28,VACCINATIONS,05
O5-2472,2016-02-28,ORTHOPEDIC,04
V5-2342,2016-03-01,VACCINATIONS,05
V4-6172,2016-03-01,GENERAL SURGERIES,07
G0-8531,2016-03-02,VACCINATIONS,05
U6-4890,2016-03-02,VACCINATIONS,05
L4-4030,2016-03-02,GROOMING,03
S4-9578,2016-03-02,GROOMING,01
T2-2142,2016-03-02,GROOMING,01
W7-6372,2016-03-03,VACCINATIONS,05
L8-0046,2016-03-03,VACCINATIONS,05
Q0-3593,2016-03-03,VACCINATIONS,05
X8-8611,2016-03-03,VACCINATIONS,05
J2-4382,2016-03-03,VACCINATIONS,05
U2-4205,2016-03-03,VACCINATIONS,05
T0-3277,2016-03-03,VACCINATIONS,05
S4-9578,2016-03-03,VACCINATIONS,05
F2-3235,2016-03-03,VACCINATIONS,05
I6-9459,2016-03-03,VACCINATIONS,05
X8-9212,2016-03-03,VACCINATIONS,05
J8-7429,2016-03-03,VACCINATIONS,05
F6-5391,2016-03-03,VACCINATIONS,02
P9-6519,2016-03-03,GENERAL SURGERIES,014
F1-1855,2016-03-03,GENERAL SURGERIES,03
M2-1131,2016-03-03,GROOMING,03
I5-4893,2016-03-03,GROOMING,01
F2-3235,2016-03-03,GROOMING,01
N6-7350,2016-03-03,GROOMING,01
K0-8177,2016-03-03,GROOMING,01
I7-9550,2016-03-04,VACCINATIONS,05
H2-8586,2016-03-04,VACCINATIONS,05
X7-2632,2016-03-04,GROOMING,01
H8-8856,2016-03-05,GENERAL SURGERIES,019
S4-2254,2016-03-05,VACCINATIONS,05
Z4-4045,2016-03-05,VACCINATIONS,05
U8-6473,2016-03-05,VACCINATIONS,05
Q5-5872,2016-03-05,VACCINATIONS,05
G4-8096,2016-03-05,VACCINATIONS,05
Q4-9479,2016-03-05,OFFICE FEES,02
G0-7675,2016-03-05,VACCINATIONS,05
V4-6172,2016-03-05,GENERAL SURGERIES,08
L8-9022,2016-03-05,GROOMING,01
P9-6519,2016-03-05,GROOMING,01
Q8-0954,2016-03-06,VACCINATIONS,01
S1-2243,2016-03-06,VACCINATIONS,05
P1-2578,2016-03-06,VACCINATIONS,05
U4-5113,2016-03-06,VACCINATIONS,05
Z8-4419,2016-03-06,VACCINATIONS,02
V4-6172,2016-03-07,VACCINATIONS,05
I6-9459,2016-03-07,VACCINATIONS,05
T2-2142,2016-03-07,GENERAL SURGERIES,017
J2-3320,2016-03-08,VACCINATIONS,05
K4-5012,2016-03-08,VACCINATIONS,05
F6-5391,2016-03-08,VACCINATIONS,05
Q2-3642,2016-03-08,VACCINATIONS,05
P1-2578,2016-03-08,VACCINATIONS,05
X8-8611,2016-03-08,VACCINATIONS,05
U4-9376,2016-03-08,VACCINATIONS,05
G0-8531,2016-03-08,VACCINATIONS,06
I6-9459,2016-03-08,GROOMING,03
N0-9539,2016-03-08,GROOMING,03
H8-1429,2016-03-08,GENERAL SURGERIES,03
G4-8096,2016-03-09,VACCINATIONS,05
J2-4382,2016-03-09,VACCINATIONS,05
P7-2443,2016-03-09,VACCINATIONS,05
V5-2342,2016-03-09,GROOMING,01
I5-4893,2016-03-10,VACCINATIONS,05
R7-4835,2016-03-10,VACCINATIONS,05
G0-8531,2016-03-10,VACCINATIONS,05
O3-1895,2016-03-10,VACCINATIONS,05
V4-6172,2016-03-10,VACCINATIONS,05
T2-2142,2016-03-10,VACCINATIONS,05
V2-4634,2016-03-10,VACCINATIONS,05
Q8-8753,2016-03-10,VACCINATIONS,05
L8-0046,2016-03-10,VACCINATIONS,05
Q8-8753,2016-03-10,VACCINATIONS,05
V2-4634,2016-03-10,VACCINATIONS,05
G0-7675,2016-03-10,VACCINATIONS,05
L8-9022,2016-03-10,VACCINATIONS,05
J8-7429,2016-03-10,VACCINATIONS,05
V5-2342,2016-03-10,VACCINATIONS,05
U4-5113,2016-03-10,VACCINATIONS,05
Q9-1565,2016-03-10,VACCINATIONS,05
F6-5391,2016-03-10,VACCINATIONS,05
F2-3235,2016-03-10,ORTHOPEDIC,09
I6-9459,2016-03-10,GENERAL SURGERIES,05
P2-7342,2016-03-10,GENERAL SURGERIES,016
H8-1429,2016-03-10,HOSPITALIZATION,01
S1-2243,2016-03-10,GENERAL SURGERIES,014
X7-2632,2016-03-10,GENERAL SURGERIES,013
X8-8611,2016-03-10,GROOMING,03
L4-4030,2016-03-10,GROOMING,01
S5-5938,2016-03-10,GROOMING,01
Q0-3593,2016-03-10,GROOMING,01
J2-4382,2016-03-10,GROOMING,01
U2-7207,2016-03-10,GROOMING,01
P7-2443,2016-03-11,VACCINATIONS,03
Q8-0954,2016-03-12,GENERAL SURGERIES,011
Q5-5872,2016-03-12,VACCINATIONS,05
T0-3277,2016-03-12,VACCINATIONS,05
F2-3235,2016-03-12,VACCINATIONS,05
X8-8611,2016-03-12,VACCINATIONS,05
P1-2578,2016-03-12,GENERAL SURGERIES,09
O8-2501,2016-03-12,GROOMING,03
J2-4382,2016-03-13,ORTHOPEDIC,04
T0-5705,2016-03-14,GROOMING,01
U4-5113,2016-03-14,GENERAL SURGERIES,03
G0-7675,2016-03-15,VACCINATIONS,05
U4-6674,2016-03-16,VACCINATIONS,05
P9-6519,2016-03-16,GROOMING,03
K0-8177,2016-03-17,ORTHOPEDIC,07
L4-4205,2016-03-17,VACCINATIONS,05
X8-9212,2016-03-17,VACCINATIONS,05
Q9-1565,2016-03-17,VACCINATIONS,05
R7-4835,2016-03-17,VACCINATIONS,05
Z6-3226,2016-03-17,VACCINATIONS,05
S1-2243,2016-03-17,VACCINATIONS,05
P9-6519,2016-03-17,VACCINATIONS,05
O3-1895,2016-03-17,GROOMING,03
S4-0789,2016-03-18,ORTHOPEDIC,03
G4-8096,2016-03-18,VACCINATIONS,05
T0-3277,2016-03-18,VACCINATIONS,05
J1-6366,2016-03-18,VACCINATIONS,05
G6-6501,2016-03-18,VACCINATIONS,05
S4-1063,2016-03-18,VACCINATIONS,05
V5-2342,2016-03-18,VACCINATIONS,05
L2-1834,2016-03-18,VACCINATIONS,05
T0-5705,2016-03-18,ORTHOPEDIC,05
L4-4205,2016-03-18,GENERAL SURGERIES,015
U6-4890,2016-03-19,VACCINATIONS,05
V4-6172,2016-03-19,VACCINATIONS,05
F6-5391,2016-03-19,VACCINATIONS,05
V7-6771,2016-03-19,VACCINATIONS,05
O8-2501,2016-03-19,VACCINATIONS,05
I5-4893,2016-03-19,VACCINATIONS,05
J2-3320,2016-03-19,VACCINATIONS,05
U4-9376,2016-03-19,VACCINATIONS,05
U2-7207,2016-03-19,GENERAL SURGERIES,05
S1-2243,2016-03-19,GROOMING,01
N7-6805,2016-03-19,GROOMING,01
G0-7675,2016-03-20,VACCINATIONS,05
I6-9459,2016-03-20,GROOMING,03
J8-7429,2016-03-21,VACCINATIONS,05
O3-1895,2016-03-21,VACCINATIONS,05
P9-6519,2016-03-21,GENERAL SURGERIES,08
J1-6366,2016-03-21,GENERAL SURGERIES,02
S5-5938,2016-03-22,VACCINATIONS,05
Z4-5652,2016-03-23,VACCINATIONS,05
M2-1131,2016-03-23,VACCINATIONS,05
W8-5750,2016-03-23,VACCINATIONS,05
W9-8307,2016-03-23,VACCINATIONS,05
J2-4382,2016-03-24,VACCINATIONS,05
U4-5113,2016-03-24,GROOMING,01
G4-8096,2016-03-25,VACCINATIONS,05
H8-1429,2016-03-26,GENERAL SURGERIES,016
O8-2501,2016-03-27,GROOMING,03
L4-6292,2016-03-28,GENERAL SURGERIES,018
S4-1063,2016-03-28,VACCINATIONS,05
S4-1063,2016-03-28,VACCINATIONS,05
L8-0046,2016-03-28,VACCINATIONS,05
P9-6519,2016-03-28,VACCINATIONS,05
I5-4893,2016-03-28,VACCINATIONS,05
G0-7675,2016-03-28,VACCINATIONS,05
Z4-4045,2016-03-28,VACCINATIONS,05
R7-4835,2016-03-28,VACCINATIONS,05
W8-5750,2016-03-28,VACCINATIONS,05
X8-9212,2016-03-28,VACCINATIONS,05
T0-5705,2016-03-28,VACCINATIONS,05
F1-1855,2016-03-28,GENERAL SURGERIES,01
M0-2904,2016-03-28,GROOMING,03
W9-8307,2016-03-28,GROOMING,03
Q0-8904,2016-03-28,GROOMING,03
G0-7675,2016-03-28,GROOMING,01
L4-4205,2016-03-28,GENERAL SURGERIES,03
T8-1754,2016-03-28,GENERAL SURGERIES,03
V2-4634,2016-03-29,VACCINATIONS,05
L4-4030,2016-03-29,VACCINATIONS,05
Q0-8904,2016-03-29,GROOMING,03
I7-9550,2016-03-29,GROOMING,03
L8-9022,2016-03-30,VACCINATIONS,05
W8-5750,2016-03-30,GROOMING,03
Q0-3593,2016-03-31,VACCINATIONS,05
U2-4205,2016-03-31,VACCINATIONS,05
U8-6473,2016-03-31,GENERAL SURGERIES,09
O1-7229,2016-03-31,GROOMING,03
S4-0789,2016-03-31,GROOMING,03
I5-4893,2016-04-01,VACCINATIONS,05
N8-0553,2016-04-02,VACCINATIONS,05
W8-5750,2016-04-03,VACCINATIONS,05
S4-1063,2016-04-03,VACCINATIONS,05
U6-4890,2016-04-03,GENERAL SURGERIES,03
Q5-5872,2016-04-03,GENERAL SURGERIES,07
X6-4876,2016-04-03,GENERAL SURGERIES,08
P9-3625,2016-04-03,ORTHOPEDIC,08
M4-9675,2016-04-03,GENERAL SURGERIES,03
T0-5705,2016-04-04,VACCINATIONS,05
U4-9376,2016-04-05,VACCINATIONS,05
U6-4890,2016-04-06,GENERAL SURGERIES,05
P2-7342,2016-04-06,VACCINATIONS,05
L8-9022,2016-04-06,VACCINATIONS,05
H8-8856,2016-04-06,VACCINATIONS,05
N6-7350,2016-04-06,GROOMING,03
M8-7852,2016-04-07,VACCINATIONS,05
H8-1429,2016-04-07,GROOMING,01
Z4-5652,2016-04-07,GROOMING,01
J2-4382,2016-04-08,OFFICE FEES,03
P9-3625,2016-04-08,VACCINATIONS,05
L4-4030,2016-04-08,VACCINATIONS,05
S1-2243,2016-04-08,VACCINATIONS,05
M2-1131,2016-04-08,GENERAL SURGERIES,03
O8-2501,2016-04-09,VACCINATIONS,05
J8-7429,2016-04-09,GENERAL SURGERIES,03
S4-9578,2016-04-10,VACCINATIONS,05
P2-7342,2016-04-11,VACCINATIONS,05
U8-6473,2016-04-11,VACCINATIONS,05
L4-4205,2016-04-11,VACCINATIONS,05
P0-1725,2016-04-12,GROOMING,03
Q2-3642,2016-04-12,GROOMING,01
S4-4013,2016-04-12,GROOMING,01
I7-9550,2016-04-12,GENERAL SURGERIES,03
S4-1063,2016-04-13,GENERAL SURGERIES,04
G4-8096,2016-04-13,VACCINATIONS,05
J2-4382,2016-04-13,VACCINATIONS,05
Z8-4419,2016-04-13,VACCINATIONS,05
O5-2472,2016-04-13,VACCINATIONS,02
P7-2443,2016-04-13,ORTHOPEDIC,04
G0-7675,2016-04-13,ORTHOPEDIC,06
P1-2578,2016-04-13,GROOMING,03
O1-7229,2016-04-13,GROOMING,01
O8-2501,2016-04-13,GENERAL SURGERIES,03
U8-6473,2016-04-14,VACCINATIONS,05
I2-7926,2016-04-15,VACCINATIONS,05
L2-1834,2016-04-15,VACCINATIONS,05
U4-5113,2016-04-15,ORTHOPEDIC,06
J6-8562,2016-04-15,GROOMING,03
T2-2142,2016-04-16,GROOMING,03
M4-9675,2016-04-16,VACCINATIONS,05
F1-1855,2016-04-16,VACCINATIONS,05
L8-9022,2016-04-16,OFFICE FEES,02
Q0-2001,2016-04-17,VACCINATIONS,05
U6-4890,2016-04-17,GENERAL SURGERIES,03
Q0-3593,2016-04-18,VACCINATIONS,05
X8-8611,2016-04-18,VACCINATIONS,05
P1-2578,2016-04-18,GENERAL SURGERIES,012
J2-3320,2016-04-18,VACCINATIONS,03
I7-9550,2016-04-18,GROOMING,01
R3-7551,2016-04-18,GENERAL SURGERIES,03
N0-9539,2016-04-19,VACCINATIONS,05
U2-7207,2016-04-20,VACCINATIONS,05
K4-5012,2016-04-21,VACCINATIONS,05
M0-2904,2016-04-21,VACCINATIONS,05
Z8-4419,2016-04-21,VACCINATIONS,05
P0-1725,2016-04-21,VACCINATIONS,05
I6-9459,2016-04-21,VACCINATIONS,05
T0-5705,2016-04-21,VACCINATIONS,05
U8-6473,2016-04-21,VACCINATIONS,05
Q2-3642,2016-04-21,VACCINATIONS,05
Z4-5652,2016-04-21,VACCINATIONS,05
X6-4876,2016-04-21,GENERAL SURGERIES,05
U2-7207,2016-04-21,GENERAL SURGERIES,03
S4-0789,2016-04-21,GROOMING,03
J2-3320,2016-04-21,GROOMING,03
L4-2594,2016-04-21,GROOMING,03
L8-9022,2016-04-21,GROOMING,01
V5-2342,2016-04-21,GENERAL SURGERIES,03
N6-7350,2016-04-22,VACCINATIONS,05
U4-9376,2016-04-22,VACCINATIONS,05
U4-6674,2016-04-22,VACCINATIONS,05
S4-4013,2016-04-22,VACCINATIONS,05
S4-1063,2016-04-22,VACCINATIONS,05
V4-6172,2016-04-22,VACCINATIONS,05
O3-1895,2016-04-22,VACCINATIONS,05
P0-1725,2016-04-22,VACCINATIONS,05
G0-7675,2016-04-22,VACCINATIONS,05
J0-7893,2016-04-22,VACCINATIONS,05
S4-4013,2016-04-22,ORTHOPEDIC,09
Q5-5872,2016-04-22,ORTHOPEDIC,01
P9-3625,2016-04-22,GROOMING,03
L2-1834,2016-04-22,GENERAL SURGERIES,03
S4-2254,2016-04-23,VACCINATIONS,05
O3-1895,2016-04-24,GENERAL SURGERIES,07
X8-9212,2016-04-24,VACCINATIONS,05
Z8-4419,2016-04-24,VACCINATIONS,05
M0-2904,2016-04-24,VACCINATIONS,05
V2-4634,2016-04-24,VACCINATIONS,05
Q5-5872,2016-04-24,VACCINATIONS,05
R3-7551,2016-04-24,VACCINATIONS,05
G0-7675,2016-04-24,VACCINATIONS,05
L4-4205,2016-04-24,VACCINATIONS,05
P0-1725,2016-04-24,OFFICE FEES,01
Z4-5652,2016-04-24,GROOMING,03
T8-1754,2016-04-24,GROOMING,01
W7-6372,2016-04-25,VACCINATIONS,05
S5-5938,2016-04-25,VACCINATIONS,05
P7-2443,2016-04-25,VACCINATIONS,05
H2-8586,2016-04-25,VACCINATIONS,05
H2-8586,2016-04-25,GROOMING,01
Q9-1565,2016-04-25,GROOMING,01
O5-2472,2016-04-26,VACCINATIONS,05
I6-9459,2016-04-26,VACCINATIONS,05
N8-0553,2016-04-27,GROOMING,03
M2-1131,2016-04-27,GROOMING,01
T0-3277,2016-04-28,GENERAL SURGERIES,02
I5-4893,2016-04-28,GENERAL SURGERIES,016
L8-9022,2016-04-29,GROOMING,01
M8-7852,2016-04-30,VACCINATIONS,05
T0-3277,2016-04-30,VACCINATIONS,05
W9-8307,2016-04-30,VACCINATIONS,05
F1-1855,2016-04-30,GENERAL SURGERIES,010
J2-3320,2016-04-30,GROOMING,01
N0-9539,2016-05-01,GENERAL SURGERIES,03
R7-4835,2016-05-01,VACCINATIONS,05
U4-6674,2016-05-01,VACCINATIONS,05
J2-4382,2016-05-01,VACCINATIONS,05
V2-4634,2016-05-01,VACCINATIONS,05
N8-0553,2016-05-01,VACCINATIONS,05
P7-2443,2016-05-01,VACCINATIONS,05
Q4-9479,2016-05-01,VACCINATIONS,05
M2-1131,2016-05-01,VACCINATIONS,05
P7-2443,2016-05-01,VACCINATIONS,01
F1-1855,2016-05-01,GROOMING,03
U8-6473,2016-05-01,GROOMING,01
U0-5987,2016-05-01,GROOMING,01
H2-8586,2016-05-01,GENERAL SURGERIES,03
J6-8562,2016-05-02,VACCINATIONS,05
J2-4382,2016-05-02,VACCINATIONS,05
N6-7350,2016-05-02,VACCINATIONS,05
N7-6805,2016-05-02,ORTHOPEDIC,07
L4-4205,2016-05-02,GROOMING,03
L8-9022,2016-05-02,GROOMING,01
L8-0046,2016-05-02,GENERAL SURGERIES,03
P9-6519,2016-05-03,GENERAL SURGERIES,011
N0-9539,2016-05-03,GROOMING,01
P0-1725,2016-05-04,VACCINATIONS,03
G4-8096,2016-05-04,GENERAL SURGERIES,015
O1-7229,2016-05-04,VACCINATIONS,05
I2-7926,2016-05-04,VACCINATIONS,05
U8-6473,2016-05-04,VACCINATIONS,05
G0-7675,2016-05-04,VACCINATIONS,05
L4-6292,2016-05-04,VACCINATIONS,05
I5-4893,2016-05-04,VACCINATIONS,05
N0-9539,2016-05-04,VACCINATIONS,05
S4-1063,2016-05-04,VACCINATIONS,05
Z4-5652,2016-05-04,VACCINATIONS,05
Q8-0954,2016-05-04,VACCINATIONS,05
X8-9212,2016-05-04,VACCINATIONS,05
S4-0789,2016-05-04,GENERAL SURGERIES,09
Q0-3593,2016-05-04,GENERAL SURGERIES,02
Z8-4419,2016-05-04,GROOMING,03
L8-9022,2016-05-04,GROOMING,01
W8-5750,2016-05-04,GENERAL SURGERIES,03
L8-9022,2016-05-05,VACCINATIONS,05
S1-2243,2016-05-05,VACCINATIONS,05
N6-7350,2016-05-05,ORTHOPEDIC,07
J2-4382,2016-05-05,GENERAL SURGERIES,05
Q8-0954,2016-05-06,VACCINATIONS,05
G0-8531,2016-05-06,VACCINATIONS,05
W9-8307,2016-05-06,GROOMING,01
Q8-8753,2016-05-06,GROOMING,01
J2-3320,2016-05-07,VACCINATIONS,05
H2-8586,2016-05-07,VACCINATIONS,05
O6-3123,2016-05-07,VACCINATIONS,05
N8-0553,2016-05-07,VACCINATIONS,05
Z4-5652,2016-05-07,VACCINATIONS,05
F1-1855,2016-05-07,VACCINATIONS,05
H2-8586,2016-05-07,VACCINATIONS,05
U4-6674,2016-05-07,VACCINATIONS,05
G6-6501,2016-05-07,GENERAL SURGERIES,010
M0-2904,2016-05-07,OFFICE FEES,03
S4-1063,2016-05-07,GENERAL SURGERIES,03
G0-7675,2016-05-08,VACCINATIONS,05
H8-8856,2016-05-08,VACCINATIONS,05
X0-8765,2016-05-08,VACCINATIONS,05
J0-7893,2016-05-08,VACCINATIONS,05
L2-1834,2016-05-08,VACCINATIONS,05
M8-7852,2016-05-08,VACCINATIONS,05
S4-1063,2016-05-08,VACCINATIONS,05
U6-4890,2016-05-08,VACCINATIONS,05
U0-5987,2016-05-08,VACCINATIONS,05
M2-1131,2016-05-08,VACCINATIONS,05
P2-7342,2016-05-08,VACCINATIONS,05
N8-0553,2016-05-08,VACCINATIONS,05
U8-6473,2016-05-08,VACCINATIONS,05
J2-4382,2016-05-08,VACCINATIONS,05
V7-6771,2016-05-08,VACCINATIONS,05
I2-7926,2016-05-08,VACCINATIONS,05
R3-7551,2016-05-08,VACCINATIONS,05
X0-8765,2016-05-08,VACCINATIONS,05
W7-6372,2016-05-08,ORTHOPEDIC,08
J2-4382,2016-05-08,VACCINATIONS,02
G9-0817,2016-05-08,GROOMING,03
L2-1834,2016-05-08,GROOMING,03
X7-2632,2016-05-08,GROOMING,01
X7-2632,2016-05-09,VACCINATIONS,05
O6-3123,2016-05-09,VACCINATIONS,05
N8-0553,2016-05-09,VACCINATIONS,05
P9-3625,2016-05-09,VACCINATIONS,05
T8-1754,2016-05-10,VACCINATIONS,05
Q8-3145,2016-05-10,VACCINATIONS,05
I6-9459,2016-05-10,VACCINATIONS,05
Z8-4419,2016-05-10,VACCINATIONS,05
L4-4205,2016-05-10,VACCINATIONS,05
G0-7675,2016-05-11,GENERAL SURGERIES,03
S4-4013,2016-05-12,VACCINATIONS,05
Q4-9479,2016-05-12,VACCINATIONS,05
X6-4876,2016-05-12,VACCINATIONS,05
G0-8531,2016-05-12,VACCINATIONS,05
W7-6372,2016-05-12,VACCINATIONS,05
I5-4893,2016-05-12,VACCINATIONS,05
W7-6372,2016-05-12,VACCINATIONS,05
K4-5012,2016-05-12,VACCINATIONS,05
L0-6660,2016-05-12,VACCINATIONS,05
M4-9675,2016-05-12,VACCINATIONS,05
P1-2578,2016-05-12,VACCINATIONS,05
Q5-5872,2016-05-12,VACCINATIONS,05
O5-2472,2016-05-12,VACCINATIONS,05
O5-2472,2016-05-12,ORTHOPEDIC,08
O1-7229,2016-05-12,GROOMING,03
G6-6501,2016-05-12,GROOMING,03
V7-6771,2016-05-12,GROOMING,01
N7-6805,2016-05-12,GROOMING,01
R7-4835,2016-05-13,GENERAL SURGERIES,012
V2-4634,2016-05-14,VACCINATIONS,05
T0-3277,2016-05-14,VACCINATIONS,05
Q0-8904,2016-05-14,VACCINATIONS,05
J6-8562,2016-05-14,ORTHOPEDIC,01
L8-0046,2016-05-14,GROOMING,03
O6-3123,2016-05-14,GROOMING,03
W7-6372,2016-05-15,VACCINATIONS,05
U4-6674,2016-05-15,VACCINATIONS,05
N6-7350,2016-05-15,VACCINATIONS,05
G0-8531,2016-05-15,VACCINATIONS,05
X7-2632,2016-05-15,VACCINATIONS,05
L4-4205,2016-05-15,GENERAL SURGERIES,015
L4-6292,2016-05-15,ORTHOPEDIC,08
R4-6131,2016-05-15,VACCINATIONS,06
R3-7551,2016-05-15,GROOMING,03
W8-5750,2016-05-15,GROOMING,03
O1-7229,2016-05-15,GROOMING,01
I7-9550,2016-05-16,OFFICE FEES,01
O5-2472,2016-05-16,GENERAL SURGERIES,03
U4-6674,2016-05-17,VACCINATIONS,05
F6-5391,2016-05-17,VACCINATIONS,05
U4-6674,2016-05-17,VACCINATIONS,05
K0-8177,2016-05-17,GROOMING,03
I2-7926,2016-05-18,VACCINATIONS,03
G9-0817,2016-05-18,VACCINATIONS,05
O6-3123,2016-05-18,VACCINATIONS,02
S5-5938,2016-05-19,VACCINATIONS,05
Q8-8753,2016-05-19,VACCINATIONS,05
S4-4013,2016-05-19,VACCINATIONS,05
F2-3235,2016-05-20,GROOMING,03
J6-8562,2016-05-20,GENERAL SURGERIES,03
S1-2243,2016-05-21,VACCINATIONS,05
T2-2142,2016-05-21,VACCINATIONS,05
S4-9578,2016-05-21,GROOMING,01
W9-8307,2016-05-21,GROOMING,01
G0-7675,2016-05-22,VACCINATIONS,05
Q0-3593,2016-05-22,VACCINATIONS,05
U6-4890,2016-05-22,VACCINATIONS,05
M4-9675,2016-05-22,GENERAL SURGERIES,05
P2-7342,2016-05-22,GENERAL SURGERIES,016
X8-9212,2016-05-22,OFFICE FEES,02
W9-8307,2016-05-22,GROOMING,03
X6-4876,2016-05-22,GROOMING,03
O5-2472,2016-05-22,GROOMING,03
J8-7429,2016-05-23,VACCINATIONS,05
I5-4893,2016-05-24,VACCINATIONS,03
T0-5705,2016-05-24,VACCINATIONS,05
J2-3320,2016-05-24,VACCINATIONS,05
O1-7229,2016-05-24,VACCINATIONS,05
P7-2443,2016-05-24,VACCINATIONS,05
G0-7675,2016-05-24,VACCINATIONS,05
W8-5750,2016-05-24,VACCINATIONS,05
R7-4835,2016-05-24,VACCINATIONS,05
W9-8307,2016-05-24,VACCINATIONS,05
I5-4893,2016-05-24,VACCINATIONS,05
N6-7350,2016-05-24,VACCINATIONS,05
P7-2443,2016-05-24,GENERAL SURGERIES,017
Z4-4045,2016-05-24,GROOMING,01
H8-8856,2016-05-24,GROOMING,01
Q8-0954,2016-05-24,GENERAL SURGERIES,03
T0-3277,2016-05-25,VACCINATIONS,02
L0-6660,2016-05-25,VACCINATIONS,05
J6-8562,2016-05-25,VACCINATIONS,05
L8-0046,2016-05-25,VACCINATIONS,05
S1-2243,2016-05-25,VACCINATIONS,05
U4-6674,2016-05-25,GENERAL SURGERIES,09
L2-1834,2016-05-25,GROOMING,03
L2-1834,2016-05-25,GROOMING,03
H8-1429,2016-05-25,GROOMING,03
L4-4030,2016-05-26,GENERAL SURGERIES,010
L4-2594,2016-05-26,VACCINATIONS,05
Q4-9479,2016-05-26,GENERAL SURGERIES,013
K4-5012,2016-05-27,VACCINATIONS,05
O6-3123,2016-05-27,ORTHOPEDIC,09
U0-5987,2016-05-27,GENERAL SURGERIES,010
L8-0046,2016-05-28,GENERAL SURGERIES,018
L4-9973,2016-05-28,VACCINATIONS,01
G0-8531,2016-05-28,VACCINATIONS,06
R4-6131,2016-05-28,VACCINATIONS,05
Q2-3642,2016-05-28,VACCINATIONS,05
G0-8531,2016-05-28,VACCINATIONS,05
H2-8586,2016-05-28,VACCINATIONS,05
Q0-8904,2016-05-28,VACCINATIONS,05
M8-7852,2016-05-28,VACCINATIONS,05
H8-8856,2016-05-28,VACCINATIONS,05
L8-0046,2016-05-28,VACCINATIONS,05
L8-9022,2016-05-28,VACCINATIONS,05
N7-6805,2016-05-28,VACCINATIONS,05
Q2-3642,2016-05-28,VACCINATIONS,05
U4-9376,2016-05-28,GENERAL SURGERIES,011
R4-6131,2016-05-28,ORTHOPEDIC,02
J2-4382,2016-05-28,VACCINATIONS,01
L4-4030,2016-05-28,ORTHOPEDIC,02
X8-8611,2016-05-28,GENERAL SURGERIES,04
G6-6501,2016-05-28,GROOMING,02
J0-7893,2016-05-28,VACCINATIONS,01
I5-4893,2016-05-28,GENERAL SURGERIES,011
H8-1429,2016-05-28,GROOMING,03
Z4-4045,2016-05-28,GROOMING,01
L0-6660,2016-05-28,GROOMING,01
U4-6674,2016-05-29,VACCINATIONS,06
L8-0046,2016-05-29,VACCINATIONS,05
P1-2578,2016-05-29,VACCINATIONS,05
Q8-0954,2016-05-30,VACCINATIONS,05
O3-1895,2016-05-30,VACCINATIONS,05
L4-4205,2016-05-30,VACCINATIONS,05
S5-5938,2016-05-30,VACCINATIONS,05
S4-0789,2016-05-30,VACCINATIONS,05
J2-4382,2016-05-30,VACCINATIONS,05
W8-5750,2016-05-30,VACCINATIONS,05
R7-4835,2016-05-30,VACCINATIONS,05
T0-5705,2016-05-30,VACCINATIONS,05
Q0-8904,2016-05-30,GROOMING,01
M2-1131,2016-05-31,GROOMING,01
N7-6805,2016-06-01,VACCINATIONS,05
N8-0553,2016-06-01,VACCINATIONS,05
X7-2632,2016-06-01,GENERAL SURGERIES,017
J2-3320,2016-06-01,GROOMING,03
L0-6660,2016-06-01,GROOMING,01
X7-2632,2016-06-01,GENERAL SURGERIES,03
F6-5391,2016-06-02,VACCINATIONS,05
G4-8096,2016-06-02,VACCINATIONS,05
R3-7551,2016-06-02,VACCINATIONS,05
P9-6519,2016-06-02,VACCINATIONS,05
M2-1131,2016-06-02,VACCINATIONS,05
O5-2472,2016-06-02,VACCINATIONS,05
Q8-8753,2016-06-02,VACCINATIONS,05
O8-0027,2016-06-02,VACCINATIONS,05
J2-4382,2016-06-02,VACCINATIONS,05
H8-1429,2016-06-02,VACCINATIONS,05
V2-4634,2016-06-02,VACCINATIONS,05
U4-5113,2016-06-02,VACCINATIONS,05
Q0-8904,2016-06-02,VACCINATIONS,05
L0-6660,2016-06-02,ORTHOPEDIC,07
U2-7207,2016-06-02,ORTHOPEDIC,04
X6-4876,2016-06-02,VACCINATIONS,06
L4-9973,2016-06-02,GROOMING,03
K0-8177,2016-06-02,GROOMING,01
I2-7926,2016-06-02,GENERAL SURGERIES,03
W8-5750,2016-06-03,VACCINATIONS,05
N7-6805,2016-06-04,VACCINATIONS,05
U4-9376,2016-06-04,VACCINATIONS,05
Q8-3145,2016-06-04,VACCINATIONS,05
L4-4030,2016-06-04,VACCINATIONS,05
U8-6473,2016-06-04,ORTHOPEDIC,06
Q2-3642,2016-06-04,GROOMING,01
J0-7893,2016-06-05,VACCINATIONS,05
P0-1725,2016-06-06,VACCINATIONS,05
P7-2443,2016-06-06,VACCINATIONS,05
Q8-8753,2016-06-07,ORTHOPEDIC,03
Q5-5872,2016-06-07,GROOMING,01
H8-1429,2016-06-08,VACCINATIONS,05
M0-2904,2016-06-08,VACCINATIONS,05
V2-4634,2016-06-08,GENERAL SURGERIES,01
U4-5113,2016-06-08,VACCINATIONS,03
I7-9550,2016-06-08,GROOMING,01
S4-2254,2016-06-09,VACCINATIONS,05
T0-3277,2016-06-10,GENERAL SURGERIES,012
J8-7429,2016-06-10,VACCINATIONS,05
S1-2243,2016-06-10,VACCINATIONS,05
U4-5113,2016-06-10,GROOMING,03
H8-8856,2016-06-11,VACCINATIONS,05
F2-3235,2016-06-11,GENERAL SURGERIES,011
K0-8177,2016-06-11,GROOMING,01
Q5-5872,2016-06-12,VACCINATIONS,05
N7-6805,2016-06-12,VACCINATIONS,05
J0-7893,2016-06-13,GROOMING,01
P9-6519,2016-06-13,GROOMING,01
G6-6501,2016-06-14,VACCINATIONS,05
I6-9459,2016-06-14,VACCINATIONS,05
N6-7350,2016-06-14,ORTHOPEDIC,08
T0-5705,2016-06-15,VACCINATIONS,05
S1-2243,2016-06-15,VACCINATIONS,05
P1-2578,2016-06-15,VACCINATIONS,04
O8-2501,2016-06-16,VACCINATIONS,05
V7-6771,2016-06-16,VACCINATIONS,05
N8-0553,2016-06-17,VACCINATIONS,05
V2-4634,2016-06-17,VACCINATIONS,05
G0-8531,2016-06-17,GENERAL SURGERIES,02
S4-9578,2016-06-17,GROOMING,03
X8-9212,2016-06-17,GROOMING,01
F1-1855,2016-06-18,GROOMING,03
V2-4634,2016-06-18,GROOMING,01
Q0-2001,2016-06-19,GENERAL SURGERIES,02
J2-3320,2016-06-19,GROOMING,03
N7-6805,2016-06-20,VACCINATIONS,05
V4-6172,2016-06-20,VACCINATIONS,05
S4-4013,2016-06-20,GROOMING,03
P9-3625,2016-06-20,GROOMING,01
G0-8531,2016-06-21,VACCINATIONS,05
P9-6519,2016-06-21,VACCINATIONS,05
L4-9973,2016-06-21,VACCINATIONS,05
Z4-4045,2016-06-21,ORTHOPEDIC,03
L4-4205,2016-06-21,GROOMING,01
G9-0817,2016-06-22,VACCINATIONS,05
N7-6805,2016-06-22,OFFICE FEES,01
L4-4030,2016-06-23,VACCINATIONS,05
Z4-5652,2016-06-23,VACCINATIONS,05
M4-9675,2016-06-23,VACCINATIONS,05
G6-6501,2016-06-23,VACCINATIONS,05
T8-1754,2016-06-23,VACCINATIONS,05
Q0-8904,2016-06-23,GENERAL SURGERIES,07
K0-8177,2016-06-23,GROOMING,03
K4-5012,2016-06-23,GROOMING,01
O8-2501,2016-06-24,VACCINATIONS,05
F1-1855,2016-06-24,ORTHOPEDIC,06
P9-3625,2016-06-25,OFFICE FEES,02
R4-6131,2016-06-25,GENERAL SURGERIES,011
U4-9376,2016-06-25,VACCINATIONS,05
Z4-4045,2016-06-25,VACCINATIONS,05
O3-1895,2016-06-25,VACCINATIONS,05
N7-6805,2016-06-25,VACCINATIONS,05
X7-2632,2016-06-25,VACCINATIONS,05
M4-9675,2016-06-25,VACCINATIONS,05
J2-4382,2016-06-25,VACCINATIONS,05
P0-1725,2016-06-25,VACCINATIONS,05
F2-3235,2016-06-25,VACCINATIONS,05
P9-6519,2016-06-25,VACCINATIONS,04
P1-2578,2016-06-25,VACCINATIONS,05
Q9-1565,2016-06-25,GENERAL SURGERIES,011
F1-1855,2016-06-25,GROOMING,03
V5-2342,2016-06-26,VACCINATIONS,05
H2-8586,2016-06-26,VACCINATIONS,05
J2-4382,2016-06-26,VACCINATIONS,05
M0-2904,2016-06-26,VACCINATIONS,05
V7-6771,2016-06-26,VACCINATIONS,05
H8-8856,2016-06-26,VACCINATIONS,05
I2-7926,2016-06-26,GENERAL SURGERIES,06
L0-6660,2016-06-26,GENERAL SURGERIES,017
U4-9376,2016-06-26,GROOMING,03
Z6-3226,2016-06-26,GROOMING,03
X8-9212,2016-06-26,GROOMING,01
U8-6473,2016-06-26,GROOMING,01
Q0-3593,2016-06-27,ORTHOPEDIC,04
P7-2443,2016-06-27,VACCINATIONS,05
U4-6674,2016-06-27,VACCINATIONS,05
X8-9212,2016-06-27,VACCINATIONS,05
U4-9376,2016-06-27,VACCINATIONS,05
J1-6366,2016-06-27,GENERAL SURGERIES,04
J8-7429,2016-06-27,GENERAL SURGERIES,011
N6-7350,2016-06-27,GROOMING,01
J0-7893,2016-06-28,VACCINATIONS,05
U2-4205,2016-06-28,GENERAL SURGERIES,05
U4-6674,2016-06-28,GROOMING,01
H8-1429,2016-06-29,VACCINATIONS,05
J2-3320,2016-06-29,VACCINATIONS,05
Q4-9479,2016-06-29,VACCINATIONS,05
O8-2501,2016-06-29,VACCINATIONS,05
X7-2632,2016-06-29,VACCINATIONS,05
V4-6172,2016-06-29,VACCINATIONS,05
U0-5987,2016-06-29,GROOMING,01
K4-5012,2016-06-29,GROOMING,01
H8-8856,2016-06-29,GROOMING,01
S4-1063,2016-06-29,GENERAL SURGERIES,03
W9-8307,2016-06-29,GENERAL SURGERIES,03
G9-0817,2016-06-30,VACCINATIONS,05
P1-2578,2016-06-30,VACCINATIONS,05
I7-9550,2016-06-30,VACCINATIONS,05
P9-3625,2016-06-30,VACCINATIONS,05
U4-5113,2016-06-30,GROOMING,03
X7-2632,2016-06-30,GROOMING,03
J2-3320,2016-07-01,VACCINATIONS,05
I6-9459,2016-07-01,VACCINATIONS,05
I2-7926,2016-07-01,VACCINATIONS,05
K0-8177,2016-07-01,VACCINATIONS,05
P9-3625,2016-07-01,VACCINATIONS,05
O8-0027,2016-07-01,VACCINATIONS,05
L8-9022,2016-07-01,VACCINATIONS,05
R3-7551,2016-07-01,GENERAL SURGERIES,014
Z6-3226,2016-07-01,GROOMING,03
V2-4634,2016-07-01,GROOMING,03
X0-8765,2016-07-01,GROOMING,01
K4-5012,2016-07-01,GROOMING,01
H8-8856,2016-07-01,GROOMING,01
G0-7675,2016-07-02,VACCINATIONS,05
N6-7350,2016-07-02,VACCINATIONS,05
V4-6172,2016-07-02,VACCINATIONS,05
S4-9578,2016-07-02,VACCINATIONS,05
P1-2578,2016-07-02,VACCINATIONS,05
K0-8177,2016-07-02,VACCINATIONS,05
U4-9376,2016-07-02,GROOMING,03
L0-6660,2016-07-03,GENERAL SURGERIES,010
I6-9459,2016-07-04,VACCINATIONS,04
I5-4893,2016-07-04,VACCINATIONS,05
T2-2142,2016-07-04,VACCINATIONS,05
S4-2254,2016-07-04,VACCINATIONS,05
O5-2472,2016-07-04,VACCINATIONS,05
S4-2254,2016-07-04,VACCINATIONS,05
U4-9376,2016-07-04,VACCINATIONS,05
U4-5113,2016-07-04,VACCINATIONS,05
U8-6473,2016-07-04,VACCINATIONS,05
Q0-8904,2016-07-04,VACCINATIONS,02
L4-6292,2016-07-04,GROOMING,03
Q0-3593,2016-07-04,GENERAL SURGERIES,03
V5-2342,2016-07-05,VACCINATIONS,05
Z4-5652,2016-07-05,VACCINATIONS,05
Q8-8753,2016-07-05,VACCINATIONS,05
Q9-1565,2016-07-05,VACCINATIONS,05
U6-4890,2016-07-05,VACCINATIONS,05
V4-6172,2016-07-05,VACCINATIONS,05
H2-8586,2016-07-06,GENERAL SURGERIES,012
Z4-5652,2016-07-06,GENERAL SURGERIES,04
F2-3235,2016-07-06,GENERAL SURGERIES,09
P9-3625,2016-07-06,VACCINATIONS,05
R7-4835,2016-07-06,VACCINATIONS,05
Q2-3642,2016-07-06,VACCINATIONS,05
J0-7893,2016-07-06,VACCINATIONS,05
W7-6372,2016-07-06,VACCINATIONS,05
W9-8307,2016-07-06,VACCINATIONS,05
G9-0817,2016-07-06,VACCINATIONS,05
S4-2254,2016-07-06,VACCINATIONS,05
U2-4205,2016-07-06,VACCINATIONS,05
L8-0046,2016-07-06,VACCINATIONS,05
S4-0789,2016-07-06,VACCINATIONS,05
O8-2501,2016-07-06,VACCINATIONS,05
M2-1131,2016-07-06,VACCINATIONS,05
O8-0027,2016-07-06,VACCINATIONS,05
V2-4634,2016-07-06,VACCINATIONS,05
O6-3123,2016-07-06,VACCINATIONS,05
Q0-8904,2016-07-06,VACCINATIONS,05
W8-5750,2016-07-06,GENERAL SURGERIES,09
L0-6660,2016-07-06,GROOMING,01
J1-6366,2016-07-06,GROOMING,03
J6-8562,2016-07-06,GROOMING,03
V4-6172,2016-07-06,GROOMING,03
T0-3277,2016-07-06,GROOMING,03
S4-1063,2016-07-06,GENERAL SURGERIES,03
I2-7926,2016-07-07,VACCINATIONS,05
J1-6366,2016-07-07,VACCINATIONS,05
O1-7229,2016-07-08,VACCINATIONS,05
L0-6660,2016-07-08,VACCINATIONS,05
Q8-3145,2016-07-09,VACCINATIONS,05
W7-6372,2016-07-09,VACCINATIONS,05
X8-9212,2016-07-10,VACCINATIONS,05
M8-7852,2016-07-10,VACCINATIONS,05
O1-7229,2016-07-10,VACCINATIONS,05
G0-8531,2016-07-10,VACCINATIONS,05
R4-6131,2016-07-10,VACCINATIONS,05
J8-7429,2016-07-10,VACCINATIONS,05
M4-9675,2016-07-10,VACCINATIONS,05
G0-7675,2016-07-10,ORTHOPEDIC,06
X6-4876,2016-07-10,GENERAL SURGERIES,013
F2-3235,2016-07-10,GENERAL SURGERIES,05
V2-4634,2016-07-10,GROOMING,03
N8-0553,2016-07-10,GROOMING,01
I7-9550,2016-07-11,VACCINATIONS,05
L2-1834,2016-07-11,VACCINATIONS,05
Q0-3593,2016-07-11,VACCINATIONS,05
O1-7229,2016-07-11,VACCINATIONS,05
P9-3625,2016-07-11,GENERAL SURGERIES,03
Q0-2001,2016-07-11,GENERAL SURGERIES,017
H8-8856,2016-07-12,VACCINATIONS,05
V4-6172,2016-07-12,VACCINATIONS,05
J2-4382,2016-07-12,GROOMING,03
V4-6172,2016-07-12,GROOMING,03
L8-9022,2016-07-12,GROOMING,01
O3-1895,2016-07-13,VACCINATIONS,05
P0-1725,2016-07-13,VACCINATIONS,05
W8-5750,2016-07-13,VACCINATIONS,05
V5-2342,2016-07-13,VACCINATIONS,05
L4-9973,2016-07-13,VACCINATIONS,05
S4-0789,2016-07-13,GROOMING,03
S1-2243,2016-07-13,GROOMING,01
S4-1063,2016-07-13,GROOMING,01
U6-4890,2016-07-14,VACCINATIONS,05
T0-5705,2016-07-15,VACCINATIONS,05
K4-5012,2016-07-15,VACCINATIONS,05
R4-6131,2016-07-15,VACCINATIONS,05
H8-1429,2016-07-15,GROOMING,03
Q0-3593,2016-07-15,GROOMING,03
I7-9550,2016-07-15,GROOMING,03
Z4-4045,2016-07-15,GROOMING,01
N8-0553,2016-07-16,GENERAL SURGERIES,016
L2-1834,2016-07-16,VACCINATIONS,05
S5-5938,2016-07-16,VACCINATIONS,05
X0-8765,2016-07-16,VACCINATIONS,05
L8-9022,2016-07-16,VACCINATIONS,05
L4-4205,2016-07-16,VACCINATIONS,05
J6-8562,2016-07-16,VACCINATIONS,05
L4-6292,2016-07-16,VACCINATIONS,05
S4-4013,2016-07-16,VACCINATIONS,05
H8-1429,2016-07-16,VACCINATIONS,05
U4-5113,2016-07-16,VACCINATIONS,05
G6-6501,2016-07-16,VACCINATIONS,05
N7-6805,2016-07-16,VACCINATIONS,05
I7-9550,2016-07-16,ORTHOPEDIC,01
P1-2578,2016-07-16,GENERAL SURGERIES,010
P1-2578,2016-07-16,GENERAL SURGERIES,018
O6-3123,2016-07-16,GROOMING,03
Q8-8753,2016-07-16,GROOMING,03
S4-1063,2016-07-16,GENERAL SURGERIES,03
J1-6366,2016-07-17,VACCINATIONS,05
L0-6660,2016-07-17,VACCINATIONS,05
R3-7551,2016-07-17,VACCINATIONS,05
J8-7429,2016-07-17,VACCINATIONS,05
Q2-3642,2016-07-17,GROOMING,02
Q0-8904,2016-07-17,HOSPITALIZATION,01
U2-4205,2016-07-17,GROOMING,01
O6-3123,2016-07-18,VACCINATIONS,05
L4-4205,2016-07-18,VACCINATIONS,05
Q0-8904,2016-07-18,VACCINATIONS,05
Z4-4045,2016-07-18,VACCINATIONS,05
I2-7926,2016-07-18,VACCINATIONS,05
L2-1834,2016-07-18,GROOMING,01
J2-3320,2016-07-18,GROOMING,01
S4-0789,2016-07-18,GROOMING,01
O8-0027,2016-07-19,VACCINATIONS,05
U4-9376,2016-07-20,VACCINATIONS,01
F2-3235,2016-07-20,VACCINATIONS,05
V4-6172,2016-07-20,VACCINATIONS,05
J8-7429,2016-07-20,VACCINATIONS,05
U4-9376,2016-07-20,VACCINATIONS,05
L8-9022,2016-07-20,ORTHOPEDIC,07
L4-4030,2016-07-20,GROOMING,01
S4-1063,2016-07-21,VACCINATIONS,05
W9-8307,2016-07-21,VACCINATIONS,05
L0-6660,2016-07-21,VACCINATIONS,05
J0-7893,2016-07-21,VACCINATIONS,05
X0-8765,2016-07-21,VACCINATIONS,05
O5-2472,2016-07-21,VACCINATIONS,05
P9-6519,2016-07-21,VACCINATIONS,05
S4-0789,2016-07-21,VACCINATIONS,05
G0-7675,2016-07-21,VACCINATIONS,05
F1-1855,2016-07-21,VACCINATIONS,05
G6-6501,2016-07-21,VACCINATIONS,05
Z4-4045,2016-07-21,VACCINATIONS,05
J8-7429,2016-07-21,ORTHOPEDIC,08
L4-9973,2016-07-21,VACCINATIONS,04
H8-1429,2016-07-21,ORTHOPEDIC,09
I5-4893,2016-07-21,GROOMING,03
U2-7207,2016-07-21,GROOMING,01
F1-1855,2016-07-22,OFFICE FEES,03
L0-6660,2016-07-22,VACCINATIONS,05
S4-1063,2016-07-22,VACCINATIONS,05
Q5-5872,2016-07-22,VACCINATIONS,05
P9-3625,2016-07-22,VACCINATIONS,05
J8-7429,2016-07-22,VACCINATIONS,05
O1-7229,2016-07-22,VACCINATIONS,05
X0-8765,2016-07-22,VACCINATIONS,05
M4-9675,2016-07-22,VACCINATIONS,04
P0-1725,2016-07-22,GROOMING,03
H8-1429,2016-07-22,GENERAL SURGERIES,03
Z6-3226,2016-07-23,VACCINATIONS,02
O6-3123,2016-07-23,GROOMING,03
L8-0046,2016-07-24,GENERAL SURGERIES,018
K4-5012,2016-07-25,VACCINATIONS,05
U6-4890,2016-07-25,VACCINATIONS,05
Z4-5652,2016-07-25,VACCINATIONS,05
S5-5938,2016-07-25,OFFICE FEES,01
L8-0046,2016-07-25,GROOMING,03
V5-2342,2016-07-25,GROOMING,03
J6-8562,2016-07-26,VACCINATIONS,05
J1-6366,2016-07-26,GENERAL SURGERIES,02
G9-0817,2016-07-26,GROOMING,01
R3-7551,2016-07-27,VACCINATIONS,04
J2-3320,2016-07-28,GENERAL SURGERIES,06
Q4-9479,2016-07-28,VACCINATIONS,05
X6-4876,2016-07-28,VACCINATIONS,05
U4-9376,2016-07-28,VACCINATIONS,05
U2-4205,2016-07-28,VACCINATIONS,05
L2-1834,2016-07-28,VACCINATIONS,05
L0-6660,2016-07-28,VACCINATIONS,05
Z8-4419,2016-07-28,VACCINATIONS,05
T2-2142,2016-07-28,ORTHOPEDIC,02
Q8-3145,2016-07-28,GROOMING,03
J6-8562,2016-07-28,GROOMING,01
G9-0817,2016-07-28,GROOMING,01
X0-8765,2016-07-29,GENERAL SURGERIES,03
G0-8531,2016-07-30,VACCINATIONS,05
O8-0027,2016-07-30,VACCINATIONS,05
P0-1725,2016-07-30,VACCINATIONS,05
O5-2472,2016-07-30,VACCINATIONS,05
M0-2904,2016-07-30,VACCINATIONS,05
X8-8611,2016-07-30,VACCINATIONS,05
G0-8531,2016-07-30,VACCINATIONS,05
W8-5750,2016-07-30,VACCINATIONS,05
P9-6519,2016-07-30,VACCINATIONS,05
H8-1429,2016-07-30,VACCINATIONS,05
N8-0553,2016-07-30,VACCINATIONS,05
L4-4030,2016-07-30,VACCINATIONS,05
N8-0553,2016-07-30,GROOMING,01
I7-9550,2016-07-31,VACCINATIONS,05
Q8-0954,2016-07-31,VACCINATIONS,03
R7-4835,2016-07-31,ORTHOPEDIC,09
Q8-0954,2016-07-31,GROOMING,03
W7-6372,2016-08-01,VACCINATIONS,05
V4-6172,2016-08-01,VACCINATIONS,05
J6-8562,2016-08-01,VACCINATIONS,05
S4-1063,2016-08-01,VACCINATIONS,05
G0-7675,2016-08-01,VACCINATIONS,05
X0-8765,2016-08-01,VACCINATIONS,05
I7-9550,2016-08-01,VACCINATIONS,05
T0-3277,2016-08-01,ORTHOPEDIC,07
S4-2254,2016-08-01,GROOMING,01
L0-6660,2016-08-01,GROOMING,01
M8-7852,2016-08-01,GENERAL SURGERIES,03
T2-2142,2016-08-01,GENERAL SURGERIES,03
Q8-0954,2016-08-02,VACCINATIONS,02
X0-8765,2016-08-02,VACCINATIONS,05
G0-7675,2016-08-02,VACCINATIONS,05
S4-2254,2016-08-02,VACCINATIONS,05
L4-2594,2016-08-02,VACCINATIONS,05
S4-1063,2016-08-02,VACCINATIONS,05
X6-4876,2016-08-02,VACCINATIONS,05
F2-3235,2016-08-02,ORTHOPEDIC,01
G6-6501,2016-08-02,OFFICE FEES,02
S4-0789,2016-08-02,GROOMING,01
U0-5987,2016-08-02,GENERAL SURGERIES,03
R3-7551,2016-08-03,VACCINATIONS,05
J6-8562,2016-08-03,VACCINATIONS,05
I2-7926,2016-08-03,VACCINATIONS,05
N8-0553,2016-08-03,VACCINATIONS,05
S4-1063,2016-08-03,VACCINATIONS,05
U6-4890,2016-08-03,VACCINATIONS,05
F2-3235,2016-08-03,GROOMING,03
F1-1855,2016-08-03,ORTHOPEDIC,08
O5-2472,2016-08-03,GROOMING,03
O3-1895,2016-08-04,VACCINATIONS,05
N0-9539,2016-08-04,VACCINATIONS,05
M2-1131,2016-08-04,GROOMING,03
L4-2594,2016-08-05,VACCINATIONS,05
G4-8096,2016-08-06,VACCINATIONS,05
R3-7551,2016-08-06,VACCINATIONS,05
U4-6674,2016-08-06,VACCINATIONS,05
J0-7893,2016-08-06,VACCINATIONS,05
S4-2254,2016-08-06,VACCINATIONS,05
O1-7229,2016-08-06,GENERAL SURGERIES,013
M4-9675,2016-08-07,GROOMING,03
S5-5938,2016-08-08,ORTHOPEDIC,07
W9-8307,2016-08-08,VACCINATIONS,05
W8-5750,2016-08-08,VACCINATIONS,05
N7-6805,2016-08-09,ORTHOPEDIC,06
R4-6131,2016-08-09,VACCINATIONS,05
S5-5938,2016-08-09,VACCINATIONS,05
G0-8531,2016-08-09,GENERAL SURGERIES,014
K0-8177,2016-08-09,GROOMING,03
X8-9212,2016-08-09,GENERAL SURGERIES,03
Z4-4045,2016-08-10,VACCINATIONS,04
S4-2254,2016-08-10,VACCINATIONS,05
U0-5987,2016-08-10,VACCINATIONS,05
M4-9675,2016-08-10,VACCINATIONS,05
I6-9459,2016-08-10,VACCINATIONS,05
P9-3625,2016-08-10,VACCINATIONS,05
L4-4205,2016-08-10,VACCINATIONS,05
U4-9376,2016-08-10,VACCINATIONS,05
L8-0046,2016-08-10,GENERAL SURGERIES,04
Q9-1565,2016-08-10,ORTHOPEDIC,06
U4-6674,2016-08-10,GROOMING,02
P7-2443,2016-08-10,GENERAL SURGERIES,08
T8-1754,2016-08-10,GROOMING,03
H2-8586,2016-08-10,GROOMING,01
O8-2501,2016-08-11,GENERAL SURGERIES,01
U2-7207,2016-08-12,VACCINATIONS,05
X8-8611,2016-08-12,VACCINATIONS,05
O8-0027,2016-08-12,GROOMING,01
G4-8096,2016-08-12,GROOMING,01
I5-4893,2016-08-13,VACCINATIONS,05
I6-9459,2016-08-13,VACCINATIONS,05
Z6-3226,2016-08-13,VACCINATIONS,05
V7-6771,2016-08-13,VACCINATIONS,05
T0-5705,2016-08-13,GROOMING,03
G0-8531,2016-08-13,GROOMING,01
T0-5705,2016-08-14,GENERAL SURGERIES,014
P2-7342,2016-08-14,VACCINATIONS,05
R7-4835,2016-08-14,VACCINATIONS,05
V2-4634,2016-08-14,VACCINATIONS,05
L8-0046,2016-08-14,VACCINATIONS,05
N8-0553,2016-08-14,VACCINATIONS,05
S4-4013,2016-08-14,VACCINATIONS,05
U4-9376,2016-08-14,VACCINATIONS,05
U4-6674,2016-08-14,GENERAL SURGERIES,018
S4-2254,2016-08-14,ORTHOPEDIC,02
Q0-3593,2016-08-14,GROOMING,03
O1-7229,2016-08-14,ORTHOPEDIC,05
S4-1063,2016-08-14,OFFICE FEES,03
S5-5938,2016-08-14,GROOMING,03
R3-7551,2016-08-14,GROOMING,01
J2-3320,2016-08-14,GROOMING,01
Q0-2001,2016-08-15,GROOMING,01
L4-9973,2016-08-15,GROOMING,01
O3-1895,2016-08-16,VACCINATIONS,05
O1-7229,2016-08-16,VACCINATIONS,05
X8-8611,2016-08-16,VACCINATIONS,05
P9-6519,2016-08-17,VACCINATIONS,05
F1-1855,2016-08-17,VACCINATIONS,05
I6-9459,2016-08-17,VACCINATIONS,05
L2-1834,2016-08-17,VACCINATIONS,05
G9-0817,2016-08-17,VACCINATIONS,05
I2-7926,2016-08-17,GENERAL SURGERIES,018
L4-4205,2016-08-17,VACCINATIONS,03
X8-9212,2016-08-17,ORTHOPEDIC,02
J0-7893,2016-08-17,GROOMING,03
I5-4893,2016-08-17,GROOMING,01
P0-1725,2016-08-18,VACCINATIONS,05
F1-1855,2016-08-19,GROOMING,01
I6-9459,2016-08-19,GROOMING,01
O8-0027,2016-08-19,GROOMING,01
O5-2472,2016-08-20,VACCINATIONS,05
T0-5705,2016-08-20,VACCINATIONS,05
F6-5391,2016-08-20,VACCINATIONS,05
U6-4890,2016-08-20,VACCINATIONS,05
O8-0027,2016-08-20,VACCINATIONS,05
T2-2142,2016-08-20,GENERAL SURGERIES,07
M0-2904,2016-08-20,GENERAL SURGERIES,013
Q0-8904,2016-08-20,GENERAL SURGERIES,012
Z8-4419,2016-08-20,GROOMING,01
T8-1754,2016-08-20,GROOMING,01
W7-6372,2016-08-20,GROOMING,01
X8-9212,2016-08-21,GROOMING,02
H8-8856,2016-08-21,VACCINATIONS,06
N7-6805,2016-08-21,VACCINATIONS,05
Z6-3226,2016-08-21,VACCINATIONS,05
P0-1725,2016-08-21,VACCINATIONS,05
P0-1725,2016-08-21,VACCINATIONS,05
P9-6519,2016-08-21,VACCINATIONS,05
U8-6473,2016-08-21,VACCINATIONS,05
T8-1754,2016-08-21,VACCINATIONS,05
P2-7342,2016-08-21,VACCINATIONS,05
F2-3235,2016-08-21,VACCINATIONS,05
L4-2594,2016-08-21,VACCINATIONS,05
J1-6366,2016-08-21,VACCINATIONS,05
P0-1725,2016-08-21,VACCINATIONS,05
F2-3235,2016-08-21,OFFICE FEES,01
U8-6473,2016-08-21,GENERAL SURGERIES,01
Z6-3226,2016-08-21,GENERAL SURGERIES,08
S4-4013,2016-08-21,GROOMING,01
V7-6771,2016-08-21,GROOMING,01
R4-6131,2016-08-21,GROOMING,01
G0-8531,2016-08-21,GROOMING,01
S4-1063,2016-08-22,VACCINATIONS,05
Q4-9479,2016-08-22,VACCINATIONS,05
F6-5391,2016-08-22,VACCINATIONS,05
F2-3235,2016-08-22,VACCINATIONS,05
L4-4205,2016-08-23,VACCINATIONS,05
X8-8611,2016-08-23,VACCINATIONS,05
O3-1895,2016-08-23,VACCINATIONS,05
S4-4013,2016-08-23,VACCINATIONS,05
X0-8765,2016-08-23,VACCINATIONS,05
S4-2254,2016-08-23,VACCINATIONS,05
M4-9675,2016-08-23,VACCINATIONS,05
F2-3235,2016-08-23,VACCINATIONS,05
O1-7229,2016-08-23,VACCINATIONS,05
U4-6674,2016-08-23,GENERAL SURGERIES,010
R4-6131,2016-08-23,GENERAL SURGERIES,010
X7-2632,2016-08-23,GROOMING,01
G6-6501,2016-08-23,GENERAL SURGERIES,03
Q9-1565,2016-08-23,GENERAL SURGERIES,03
R3-7551,2016-08-24,ORTHOPEDIC,08
W8-5750,2016-08-24,VACCINATIONS,01
L8-9022,2016-08-24,VACCINATIONS,05
P7-2443,2016-08-24,VACCINATIONS,05
Q0-2001,2016-08-24,VACCINATIONS,05
J6-8562,2016-08-24,VACCINATIONS,05
O8-0027,2016-08-24,VACCINATIONS,05
O8-0027,2016-08-24,VACCINATIONS,05
H8-8856,2016-08-24,VACCINATIONS,05
Q8-8753,2016-08-24,VACCINATIONS,05
S4-1063,2016-08-24,VACCINATIONS,05
S4-9578,2016-08-24,VACCINATIONS,05
P2-7342,2016-08-24,GENERAL SURGERIES,018
V7-6771,2016-08-24,ORTHOPEDIC,04
Z6-3226,2016-08-24,GROOMING,03
Q0-8904,2016-08-25,VACCINATIONS,05
S4-1063,2016-08-26,VACCINATIONS,05
V2-4634,2016-08-26,VACCINATIONS,05
V2-4634,2016-08-26,VACCINATIONS,01
M4-9675,2016-08-26,GROOMING,03
R3-7551,2016-08-26,GROOMING,01
M2-1131,2016-08-27,VACCINATIONS,05
G0-8531,2016-08-27,VACCINATIONS,06
M2-1131,2016-08-28,VACCINATIONS,05
Q8-3145,2016-08-29,VACCINATIONS,05
S4-4013,2016-08-29,VACCINATIONS,05
N0-9539,2016-08-29,VACCINATIONS,05
G0-8531,2016-08-29,VACCINATIONS,05
I6-9459,2016-08-29,GROOMING,01
Z4-4045,2016-08-30,VACCINATIONS,05
V5-2342,2016-08-30,VACCINATIONS,06
X8-8611,2016-08-30,VACCINATIONS,05
K4-5012,2016-08-30,VACCINATIONS,05
Q9-1565,2016-08-30,VACCINATIONS,05
W7-6372,2016-08-30,VACCINATIONS,05
L4-4205,2016-08-30,VACCINATIONS,05
Z8-4419,2016-08-30,VACCINATIONS,05
X7-2632,2016-08-30,VACCINATIONS,05
O6-3123,2016-08-30,VACCINATIONS,01
U2-7207,2016-08-30,GENERAL SURGERIES,018
Q0-8904,2016-08-30,GROOMING,03
L4-9973,2016-08-30,GROOMING,03
U2-7207,2016-08-30,GROOMING,03
S4-9578,2016-08-30,GROOMING,01
I2-7926,2016-08-30,GROOMING,01
U6-4890,2016-08-30,GENERAL SURGERIES,03
V5-2342,2016-08-30,GENERAL SURGERIES,03
S5-5938,2016-08-31,VACCINATIONS,05
N6-7350,2016-09-01,VACCINATIONS,06
U4-6674,2016-09-02,VACCINATIONS,05
U4-5113,2016-09-03,VACCINATIONS,04
O6-3123,2016-09-03,VACCINATIONS,05
L2-1834,2016-09-03,VACCINATIONS,05
T8-1754,2016-09-03,GROOMING,01
G9-0817,2016-09-04,VACCINATIONS,05
V7-6771,2016-09-04,VACCINATIONS,05
U4-9376,2016-09-05,GENERAL SURGERIES,03
X7-2632,2016-09-06,VACCINATIONS,05
L4-4030,2016-09-06,VACCINATIONS,05
P0-1725,2016-09-06,VACCINATIONS,05
T2-2142,2016-09-06,VACCINATIONS,05
L4-9973,2016-09-06,GROOMING,03
L8-0046,2016-09-06,GROOMING,01
F2-3235,2016-09-07,GENERAL SURGERIES,03
K4-5012,2016-09-08,VACCINATIONS,05
I7-9550,2016-09-08,VACCINATIONS,05
R3-7551,2016-09-08,VACCINATIONS,05
M8-7852,2016-09-08,VACCINATIONS,05
V4-6172,2016-09-08,VACCINATIONS,05
P2-7342,2016-09-08,VACCINATIONS,05
O6-3123,2016-09-08,VACCINATIONS,05
J6-8562,2016-09-08,GROOMING,01
L8-9022,2016-09-09,VACCINATIONS,05
G4-8096,2016-09-09,VACCINATIONS,05
G6-6501,2016-09-09,VACCINATIONS,05
R7-4835,2016-09-09,VACCINATIONS,05
O1-7229,2016-09-09,VACCINATIONS,05
T2-2142,2016-09-09,VACCINATIONS,05
G9-0817,2016-09-09,GROOMING,02
L4-4030,2016-09-09,GROOMING,03
W7-6372,2016-09-09,GROOMING,03
Z6-3226,2016-09-09,GROOMING,03
L4-6292,2016-09-09,GENERAL SURGERIES,03
J0-7893,2016-09-10,VACCINATIONS,05
R4-6131,2016-09-10,VACCINATIONS,05
F2-3235,2016-09-10,VACCINATIONS,05
O8-0027,2016-09-10,VACCINATIONS,05
S1-2243,2016-09-10,GROOMING,01
U4-9376,2016-09-10,ORTHOPEDIC,04
T2-2142,2016-09-10,GROOMING,01
N8-0553,2016-09-11,VACCINATIONS,05
H2-8586,2016-09-11,VACCINATIONS,05
S4-4013,2016-09-11,VACCINATIONS,05
T8-1754,2016-09-11,VACCINATIONS,05
S4-4013,2016-09-11,VACCINATIONS,05
U4-6674,2016-09-11,VACCINATIONS,05
I7-9550,2016-09-11,VACCINATIONS,05
X8-8611,2016-09-11,VACCINATIONS,05
Q8-8753,2016-09-11,GENERAL SURGERIES,013
L4-4205,2016-09-12,VACCINATIONS,05
Q8-0954,2016-09-12,GROOMING,03
Q9-1565,2016-09-12,GROOMING,03
Z4-4045,2016-09-13,VACCINATIONS,04
G4-8096,2016-09-13,VACCINATIONS,05
N7-6805,2016-09-13,VACCINATIONS,05
S4-2254,2016-09-13,VACCINATIONS,05
V5-2342,2016-09-13,VACCINATIONS,05
Q5-5872,2016-09-13,GROOMING,03
P0-1725,2016-09-14,VACCINATIONS,05
U2-4205,2016-09-14,GROOMING,01
Q0-2001,2016-09-14,GROOMING,01
U4-5113,2016-09-15,VACCINATIONS,05
G6-6501,2016-09-16,VACCINATIONS,05
N7-6805,2016-09-17,VACCINATIONS,05
U8-6473,2016-09-17,VACCINATIONS,05
F2-3235,2016-09-17,VACCINATIONS,05
R7-4835,2016-09-17,VACCINATIONS,05
Q0-3593,2016-09-17,VACCINATIONS,05
K0-8177,2016-09-17,VACCINATIONS,05
S4-4013,2016-09-17,VACCINATIONS,05
S5-5938,2016-09-17,VACCINATIONS,05
M2-1131,2016-09-17,VACCINATIONS,04
I5-4893,2016-09-17,GENERAL SURGERIES,01
P9-6519,2016-09-17,GROOMING,03
T0-3277,2016-09-17,GENERAL SURGERIES,03
M0-2904,2016-09-18,VACCINATIONS,05
T0-3277,2016-09-18,VACCINATIONS,05
N7-6805,2016-09-18,ORTHOPEDIC,03
V4-6172,2016-09-18,GENERAL SURGERIES,03
J6-8562,2016-09-18,GROOMING,03
T2-2142,2016-09-19,GENERAL SURGERIES,01
U0-5987,2016-09-19,VACCINATIONS,05
J0-7893,2016-09-19,VACCINATIONS,05
P7-2443,2016-09-19,VACCINATIONS,05
R7-4835,2016-09-19,VACCINATIONS,05
T0-3277,2016-09-19,VACCINATIONS,05
U4-5113,2016-09-19,VACCINATIONS,05
P7-2443,2016-09-19,VACCINATIONS,05
Q0-8904,2016-09-19,VACCINATIONS,05
U4-6674,2016-09-19,VACCINATIONS,05
K4-5012,2016-09-19,VACCINATIONS,05
N6-7350,2016-09-19,VACCINATIONS,05
I6-9459,2016-09-19,VACCINATIONS,05
Q5-5872,2016-09-19,VACCINATIONS,05
Z6-3226,2016-09-19,VACCINATIONS,05
M2-1131,2016-09-19,VACCINATIONS,05
X8-8611,2016-09-19,ORTHOPEDIC,05
U2-7207,2016-09-19,GENERAL SURGERIES,011
S4-2254,2016-09-19,GROOMING,03
M4-9675,2016-09-19,GROOMING,03
V4-6172,2016-09-19,GROOMING,03
V2-4634,2016-09-19,GROOMING,03
P0-1725,2016-09-19,GROOMING,03
N8-0553,2016-09-19,GROOMING,01
N6-7350,2016-09-19,GENERAL SURGERIES,03
U2-7207,2016-09-20,VACCINATIONS,05
N7-6805,2016-09-20,VACCINATIONS,05
M4-9675,2016-09-20,GENERAL SURGERIES,011
Q0-8904,2016-09-20,GROOMING,01
L8-9022,2016-09-21,HOSPITALIZATION,01
J0-7893,2016-09-22,GROOMING,02
I7-9550,2016-09-22,HOSPITALIZATION,01
Q9-1565,2016-09-22,VACCINATIONS,05
K0-8177,2016-09-22,VACCINATIONS,05
P9-3625,2016-09-22,VACCINATIONS,05
Q8-0954,2016-09-22,VACCINATIONS,05
P0-1725,2016-09-22,VACCINATIONS,05
S4-4013,2016-09-23,ORTHOPEDIC,03
X0-8765,2016-09-23,VACCINATIONS,05
P1-2578,2016-09-23,GENERAL SURGERIES,07
V2-4634,2016-09-24,VACCINATIONS,05
T0-3277,2016-09-24,VACCINATIONS,05
P2-7342,2016-09-24,VACCINATIONS,05
K4-5012,2016-09-24,OFFICE FEES,02
G0-7675,2016-09-24,GENERAL SURGERIES,03
X7-2632,2016-09-25,GENERAL SURGERIES,013
P9-6519,2016-09-25,VACCINATIONS,05
F6-5391,2016-09-25,VACCINATIONS,05
L4-4205,2016-09-25,VACCINATIONS,05
G0-7675,2016-09-25,VACCINATIONS,05
U4-9376,2016-09-25,VACCINATIONS,05
J0-7893,2016-09-25,VACCINATIONS,05
Q0-8904,2016-09-25,VACCINATIONS,05
S5-5938,2016-09-25,GENERAL SURGERIES,012
P9-6519,2016-09-25,GROOMING,02
Q8-3145,2016-09-25,GROOMING,03
Q8-8753,2016-09-25,GROOMING,03
O5-2472,2016-09-26,VACCINATIONS,01
Q5-5872,2016-09-26,VACCINATIONS,05
T0-5705,2016-09-26,VACCINATIONS,05
S5-5938,2016-09-26,VACCINATIONS,05
J2-3320,2016-09-26,VACCINATIONS,05
Q9-1565,2016-09-26,VACCINATIONS,05
V4-6172,2016-09-26,VACCINATIONS,05
G0-7675,2016-09-26,OFFICE FEES,01
Z4-5652,2016-09-26,ORTHOPEDIC,06
S1-2243,2016-09-26,ORTHOPEDIC,09
P9-3625,2016-09-26,GENERAL SURGERIES,019
Q2-3642,2016-09-26,ORTHOPEDIC,01
S4-9578,2016-09-26,HOSPITALIZATION,01
N7-6805,2016-09-26,GENERAL SURGERIES,019
Q5-5872,2016-09-27,VACCINATIONS,05
G4-8096,2016-09-27,VACCINATIONS,05
Q0-3593,2016-09-28,VACCINATIONS,05
W9-8307,2016-09-28,GENERAL SURGERIES,03
X0-8765,2016-09-29,GENERAL SURGERIES,014
I5-4893,2016-09-29,ORTHOPEDIC,09
H8-8856,2016-09-30,VACCINATIONS,05
O8-2501,2016-09-30,VACCINATIONS,05
M8-7852,2016-09-30,GENERAL SURGERIES,016
S4-0789,2016-09-30,GROOMING,03
M4-9675,2016-09-30,ORTHOPEDIC,01
Q2-3642,2016-09-30,GROOMING,01
X6-4876,2016-10-01,VACCINATIONS,05
H8-1429,2016-10-01,ORTHOPEDIC,04
J2-3320,2016-10-01,GROOMING,01
W7-6372,2016-10-02,ORTHOPEDIC,09
I6-9459,2016-10-02,GENERAL SURGERIES,08
U8-6473,2016-10-02,VACCINATIONS,05
W9-8307,2016-10-02,VACCINATIONS,05
Q8-0954,2016-10-02,VACCINATIONS,05
O6-3123,2016-10-02,GENERAL SURGERIES,015
J2-4382,2016-10-02,GENERAL SURGERIES,016
X8-8611,2016-10-02,GROOMING,01
O1-7229,2016-10-02,GROOMING,01
N0-9539,2016-10-03,VACCINATIONS,05
G0-8531,2016-10-03,VACCINATIONS,05
T0-3277,2016-10-03,VACCINATIONS,05
L2-1834,2016-10-03,VACCINATIONS,05
R3-7551,2016-10-03,VACCINATIONS,05
V5-2342,2016-10-03,GENERAL SURGERIES,08
U2-7207,2016-10-03,GENERAL SURGERIES,03
L8-0046,2016-10-04,VACCINATIONS,05
P9-6519,2016-10-05,VACCINATIONS,05
I6-9459,2016-10-05,VACCINATIONS,05
L2-1834,2016-10-05,VACCINATIONS,05
P9-6519,2016-10-05,VACCINATIONS,05
Z4-5652,2016-10-06,VACCINATIONS,05
N0-9539,2016-10-06,VACCINATIONS,05
S1-2243,2016-10-06,VACCINATIONS,05
Q2-3642,2016-10-06,ORTHOPEDIC,07
N8-0553,2016-10-06,ORTHOPEDIC,09
W8-5750,2016-10-06,GROOMING,03
X6-4876,2016-10-06,GROOMING,03
O8-0027,2016-10-06,GROOMING,01
J0-7893,2016-10-06,GROOMING,01
X7-2632,2016-10-07,VACCINATIONS,05
L8-0046,2016-10-07,GROOMING,01
X7-2632,2016-10-08,VACCINATIONS,06
N6-7350,2016-10-08,VACCINATIONS,05
J6-8562,2016-10-08,VACCINATIONS,05
U2-7207,2016-10-08,VACCINATIONS,05
L2-1834,2016-10-08,GROOMING,01
J1-6366,2016-10-09,GENERAL SURGERIES,019
Q8-0954,2016-10-10,GENERAL SURGERIES,019
O5-2472,2016-10-10,VACCINATIONS,05
T2-2142,2016-10-10,VACCINATIONS,05
N0-9539,2016-10-10,VACCINATIONS,05
U4-6674,2016-10-10,VACCINATIONS,05
U4-9376,2016-10-10,OFFICE FEES,03
L8-9022,2016-10-10,GROOMING,01
X7-2632,2016-10-11,VACCINATIONS,05
G0-7675,2016-10-11,VACCINATIONS,05
X8-9212,2016-10-12,VACCINATIONS,05
T2-2142,2016-10-13,VACCINATIONS,05
J0-7893,2016-10-13,VACCINATIONS,05
I5-4893,2016-10-13,VACCINATIONS,05
S4-1063,2016-10-13,VACCINATIONS,05
Q8-3145,2016-10-13,VACCINATIONS,05
J8-7429,2016-10-13,VACCINATIONS,05
U0-5987,2016-10-13,VACCINATIONS,05
Q8-0954,2016-10-13,VACCINATIONS,04
X7-2632,2016-10-13,GROOMING,03
W9-8307,2016-10-13,GROOMING,01
Z4-5652,2016-10-13,GROOMING,01
L4-4205,2016-10-13,GROOMING,01
L8-0046,2016-10-13,GENERAL SURGERIES,03
Q8-3145,2016-10-14,VACCINATIONS,05
L2-1834,2016-10-14,VACCINATIONS,05
O6-3123,2016-10-14,VACCINATIONS,05
O5-2472,2016-10-14,VACCINATIONS,05
N0-9539,2016-10-14,GENERAL SURGERIES,016
S4-2254,2016-10-14,GENERAL SURGERIES,012
L4-4030,2016-10-15,VACCINATIONS,05
O8-2501,2016-10-15,GENERAL SURGERIES,05
Q2-3642,2016-10-15,GROOMING,01
U6-4890,2016-10-16,VACCINATIONS,05
Z8-4419,2016-10-17,OFFICE FEES,02
W8-5750,2016-10-17,VACCINATIONS,05
I2-7926,2016-10-17,VACCINATIONS,05
Z4-4045,2016-10-17,VACCINATIONS,05
L4-6292,2016-10-17,VACCINATIONS,05
L8-9022,2016-10-17,VACCINATIONS,05
I2-7926,2016-10-17,VACCINATIONS,05
T0-3277,2016-10-17,ORTHOPEDIC,04
X7-2632,2016-10-17,GROOMING,03
U2-4205,2016-10-18,GROOMING,03
K4-5012,2016-10-19,VACCINATIONS,05
T2-2142,2016-10-19,VACCINATIONS,05
X8-8611,2016-10-19,VACCINATIONS,05
G9-0817,2016-10-19,VACCINATIONS,05
S4-9578,2016-10-19,VACCINATIONS,05
P1-2578,2016-10-19,VACCINATIONS,05
N7-6805,2016-10-19,VACCINATIONS,05
L0-6660,2016-10-19,VACCINATIONS,05
Z4-4045,2016-10-19,VACCINATIONS,05
L4-2594,2016-10-19,VACCINATIONS,05
Q8-3145,2016-10-19,VACCINATIONS,05
P9-3625,2016-10-19,VACCINATIONS,05
J1-6366,2016-10-20,VACCINATIONS,05
P2-7342,2016-10-20,VACCINATIONS,05
Z6-3226,2016-10-20,VACCINATIONS,05
J2-3320,2016-10-21,VACCINATIONS,05
L4-6292,2016-10-21,VACCINATIONS,05
Q8-3145,2016-10-21,VACCINATIONS,05
Q9-1565,2016-10-21,VACCINATIONS,05
X6-4876,2016-10-21,GENERAL SURGERIES,02
M2-1131,2016-10-21,GROOMING,03
V5-2342,2016-10-22,GENERAL SURGERIES,03
G6-6501,2016-10-22,GENERAL SURGERIES,017
V2-4634,2016-10-22,VACCINATIONS,05
Q0-3593,2016-10-22,VACCINATIONS,05
O8-0027,2016-10-22,VACCINATIONS,05
S4-9578,2016-10-22,VACCINATIONS,05
Q5-5872,2016-10-22,VACCINATIONS,05
X0-8765,2016-10-22,GENERAL SURGERIES,07
L8-9022,2016-10-22,GROOMING,03
X0-8765,2016-10-22,GROOMING,01
N7-6805,2016-10-22,GENERAL SURGERIES,03
F6-5391,2016-10-23,OFFICE FEES,01
L4-6292,2016-10-23,VACCINATIONS,05
O5-2472,2016-10-23,GENERAL SURGERIES,08
F6-5391,2016-10-23,GROOMING,03
Q0-2001,2016-10-24,VACCINATIONS,05
I5-4893,2016-10-24,GROOMING,01
P0-1725,2016-10-25,ORTHOPEDIC,01
Z6-3226,2016-10-25,VACCINATIONS,05
S4-1063,2016-10-25,VACCINATIONS,05
H8-8856,2016-10-25,VACCINATIONS,05
V2-4634,2016-10-25,VACCINATIONS,05
P7-2443,2016-10-25,VACCINATIONS,05
X7-2632,2016-10-25,VACCINATIONS,05
Q8-8753,2016-10-25,VACCINATIONS,05
G6-6501,2016-10-25,VACCINATIONS,05
U2-7207,2016-10-25,GROOMING,03
N8-0553,2016-10-25,GROOMING,01
U2-7207,2016-10-26,GROOMING,03
T8-1754,2016-10-27,VACCINATIONS,05
M2-1131,2016-10-27,VACCINATIONS,05
W8-5750,2016-10-27,GROOMING,03
Q8-3145,2016-10-28,VACCINATIONS,05
U2-4205,2016-10-29,VACCINATIONS,05
U8-6473,2016-10-29,VACCINATIONS,05
V5-2342,2016-10-29,VACCINATIONS,05
U6-4890,2016-10-29,VACCINATIONS,05
X7-2632,2016-10-29,VACCINATIONS,05
G9-0817,2016-10-29,VACCINATIONS,05
Q9-1565,2016-10-29,VACCINATIONS,05
O6-3123,2016-10-29,VACCINATIONS,05
O8-2501,2016-10-29,VACCINATIONS,05
Q5-5872,2016-10-30,VACCINATIONS,05
J0-7893,2016-10-30,VACCINATIONS,05
O5-2472,2016-10-30,GROOMING,01
O5-2472,2016-10-31,VACCINATIONS,05
L8-0046,2016-10-31,VACCINATIONS,05
M0-2904,2016-11-01,VACCINATIONS,01
N0-9539,2016-11-02,GENERAL SURGERIES,08
Q8-8753,2016-11-02,VACCINATIONS,05
L4-4030,2016-11-02,VACCINATIONS,05
G4-8096,2016-11-02,VACCINATIONS,05
L4-4205,2016-11-02,VACCINATIONS,05
I7-9550,2016-11-02,VACCINATIONS,05
S4-1063,2016-11-02,VACCINATIONS,05
X8-9212,2016-11-02,VACCINATIONS,05
L0-6660,2016-11-02,VACCINATIONS,05
L4-2594,2016-11-02,VACCINATIONS,05
Q9-1565,2016-11-02,VACCINATIONS,05
L4-4030,2016-11-02,GENERAL SURGERIES,014
P9-3625,2016-11-02,GENERAL SURGERIES,06
L2-1834,2016-11-02,GENERAL SURGERIES,012
U4-6674,2016-11-02,GROOMING,03
V2-4634,2016-11-02,GROOMING,03
O6-3123,2016-11-02,GROOMING,03
Q0-2001,2016-11-02,GROOMING,01
O8-0027,2016-11-02,GROOMING,01
P0-1725,2016-11-02,GENERAL SURGERIES,03
S1-2243,2016-11-03,VACCINATIONS,05
L0-6660,2016-11-03,VACCINATIONS,05
M2-1131,2016-11-03,OFFICE FEES,03
V5-2342,2016-11-04,VACCINATIONS,05
X6-4876,2016-11-04,VACCINATIONS,05
N8-0553,2016-11-04,VACCINATIONS,05
M4-9675,2016-11-04,VACCINATIONS,06
T0-3277,2016-11-04,ORTHOPEDIC,04
H2-8586,2016-11-04,OFFICE FEES,03
Z4-5652,2016-11-04,GROOMING,03
F6-5391,2016-11-05,VACCINATIONS,03
V4-6172,2016-11-05,VACCINATIONS,05
P9-3625,2016-11-05,GROOMING,01
H8-1429,2016-11-06,VACCINATIONS,05
L8-0046,2016-11-06,VACCINATIONS,05
P9-3625,2016-11-06,VACCINATIONS,05
W7-6372,2016-11-06,VACCINATIONS,05
M8-7852,2016-11-06,VACCINATIONS,05
O8-2501,2016-11-06,VACCINATIONS,05
S4-0789,2016-11-06,VACCINATIONS,05
Q8-8753,2016-11-06,VACCINATIONS,05
I2-7926,2016-11-06,VACCINATIONS,05
U6-4890,2016-11-06,VACCINATIONS,05
O5-2472,2016-11-06,VACCINATIONS,05
R7-4835,2016-11-06,GENERAL SURGERIES,07
I6-9459,2016-11-06,GENERAL SURGERIES,010
U4-9376,2016-11-06,GROOMING,03
N8-0553,2016-11-06,GROOMING,01
T0-3277,2016-11-06,GENERAL SURGERIES,03
O8-0027,2016-11-06,GENERAL SURGERIES,03
S5-5938,2016-11-07,VACCINATIONS,05
J0-7893,2016-11-07,VACCINATIONS,05
Q8-8753,2016-11-07,VACCINATIONS,05
N6-7350,2016-11-07,GROOMING,01
S4-1063,2016-11-07,VACCINATIONS,03
U8-6473,2016-11-07,GROOMING,03
I6-9459,2016-11-08,VACCINATIONS,05
T2-2142,2016-11-08,VACCINATIONS,05
I6-9459,2016-11-08,VACCINATIONS,05
N0-9539,2016-11-08,VACCINATIONS,05
J2-4382,2016-11-08,VACCINATIONS,05
U4-9376,2016-11-08,VACCINATIONS,02
U4-9376,2016-11-08,VACCINATIONS,05
P9-3625,2016-11-08,GROOMING,01
M0-2904,2016-11-08,GENERAL SURGERIES,03
H2-8586,2016-11-09,VACCINATIONS,05
M8-7852,2016-11-09,VACCINATIONS,05
N8-0553,2016-11-10,VACCINATIONS,05
L8-0046,2016-11-11,GENERAL SURGERIES,03
U0-5987,2016-11-12,VACCINATIONS,05
M0-2904,2016-11-12,GROOMING,02
I6-9459,2016-11-12,GROOMING,01
H8-8856,2016-11-13,GROOMING,01
P0-1725,2016-11-14,GENERAL SURGERIES,02
H8-8856,2016-11-14,GENERAL SURGERIES,05
Q8-8753,2016-11-14,VACCINATIONS,02
F1-1855,2016-11-14,VACCINATIONS,05
N8-0553,2016-11-15,VACCINATIONS,05
R7-4835,2016-11-15,VACCINATIONS,05
U6-4890,2016-11-15,GROOMING,01
U4-5113,2016-11-15,GROOMING,01
G6-6501,2016-11-16,VACCINATIONS,05
S5-5938,2016-11-16,VACCINATIONS,05
R7-4835,2016-11-16,VACCINATIONS,05
O5-2472,2016-11-16,VACCINATIONS,05
J2-3320,2016-11-16,VACCINATIONS,05
T0-3277,2016-11-16,VACCINATIONS,05
O8-0027,2016-11-16,GROOMING,01
U6-4890,2016-11-17,VACCINATIONS,05
N0-9539,2016-11-17,GROOMING,01
X7-2632,2016-11-18,VACCINATIONS,05
S4-9578,2016-11-18,GENERAL SURGERIES,03
Q8-8753,2016-11-19,VACCINATIONS,05
F6-5391,2016-11-19,VACCINATIONS,05
P1-2578,2016-11-19,VACCINATIONS,05
I5-4893,2016-11-19,VACCINATIONS,05
L4-6292,2016-11-19,VACCINATIONS,05
N6-7350,2016-11-19,GROOMING,03
M8-7852,2016-11-19,ORTHOPEDIC,07
P7-2443,2016-11-19,GROOMING,03
L4-4205,2016-11-19,GROOMING,03
O8-0027,2016-11-20,VACCINATIONS,05
K0-8177,2016-11-21,VACCINATIONS,05
X8-8611,2016-11-21,VACCINATIONS,05
P1-2578,2016-11-21,VACCINATIONS,05
S1-2243,2016-11-21,VACCINATIONS,05
L4-2594,2016-11-21,VACCINATIONS,05
M4-9675,2016-11-21,VACCINATIONS,05
R4-6131,2016-11-21,VACCINATIONS,05
I6-9459,2016-11-21,VACCINATIONS,05
P1-2578,2016-11-21,VACCINATIONS,05
U0-5987,2016-11-21,VACCINATIONS,05
Z8-4419,2016-11-21,VACCINATIONS,05
N0-9539,2016-11-21,VACCINATIONS,05
J2-4382,2016-11-21,GENERAL SURGERIES,017
V2-4634,2016-11-21,GROOMING,01
M4-9675,2016-11-21,GENERAL SURGERIES,014
O6-3123,2016-11-21,GROOMING,03
M0-2904,2016-11-21,GROOMING,01
Q0-8904,2016-11-21,GENERAL SURGERIES,03
H8-1429,2016-11-22,ORTHOPEDIC,01
X8-8611,2016-11-22,VACCINATIONS,05
Q0-8904,2016-11-22,VACCINATIONS,05
U2-4205,2016-11-23,VACCINATIONS,05
L8-0046,2016-11-23,VACCINATIONS,05
O5-2472,2016-11-23,VACCINATIONS,01
N8-0553,2016-11-23,GENERAL SURGERIES,04
X7-2632,2016-11-24,GROOMING,01
J0-7893,2016-11-25,GROOMING,03
V7-6771,2016-11-26,GENERAL SURGERIES,03
Z4-4045,2016-11-27,VACCINATIONS,05
J2-3320,2016-11-27,VACCINATIONS,05
Q0-2001,2016-11-27,GROOMING,03
J2-4382,2016-11-27,GROOMING,03
H8-8856,2016-11-28,VACCINATIONS,05
W9-8307,2016-11-28,VACCINATIONS,05
X8-9212,2016-11-28,VACCINATIONS,05
N7-6805,2016-11-29,VACCINATIONS,05
J2-4382,2016-11-29,VACCINATIONS,05
W8-5750,2016-11-29,GENERAL SURGERIES,019
I5-4893,2016-11-29,GROOMING,03
W8-5750,2016-11-30,VACCINATIONS,05
J8-7429,2016-12-01,VACCINATIONS,05
F1-1855,2016-12-01,VACCINATIONS,05
K4-5012,2016-12-01,VACCINATIONS,05
O5-2472,2016-12-01,VACCINATIONS,05
S4-9578,2016-12-01,VACCINATIONS,05
J2-3320,2016-12-01,VACCINATIONS,05
T0-5705,2016-12-01,ORTHOPEDIC,05
Z4-5652,2016-12-01,GROOMING,03
H8-8856,2016-12-02,VACCINATIONS,05
Q8-3145,2016-12-02,VACCINATIONS,05
P0-1725,2016-12-02,VACCINATIONS,05
Q9-1565,2016-12-02,VACCINATIONS,05
U6-4890,2016-12-02,VACCINATIONS,05
W9-8307,2016-12-02,VACCINATIONS,05
M0-2904,2016-12-02,VACCINATIONS,05
L8-9022,2016-12-02,VACCINATIONS,05
P7-2443,2016-12-02,VACCINATIONS,05
I2-7926,2016-12-02,VACCINATIONS,05
X7-2632,2016-12-02,VACCINATIONS,05
I2-7926,2016-12-02,ORTHOPEDIC,02
L4-4205,2016-12-02,ORTHOPEDIC,08
O3-1895,2016-12-02,GROOMING,01
V5-2342,2016-12-02,GROOMING,01
X7-2632,2016-12-02,GENERAL SURGERIES,03
T8-1754,2016-12-03,VACCINATIONS,05
Z8-4419,2016-12-03,VACCINATIONS,05
S4-0789,2016-12-03,VACCINATIONS,05
Q2-3642,2016-12-03,VACCINATIONS,05
S4-9578,2016-12-03,VACCINATIONS,05
G4-8096,2016-12-04,GENERAL SURGERIES,017
O3-1895,2016-12-04,VACCINATIONS,05
Q0-3593,2016-12-04,VACCINATIONS,05
Q5-5872,2016-12-04,VACCINATIONS,05
U2-7207,2016-12-04,VACCINATIONS,05
O5-2472,2016-12-04,VACCINATIONS,05
F6-5391,2016-12-04,VACCINATIONS,05
Z8-4419,2016-12-04,VACCINATIONS,05
U4-5113,2016-12-04,VACCINATIONS,05
J1-6366,2016-12-04,VACCINATIONS,05
Z6-3226,2016-12-04,GROOMING,03
S4-4013,2016-12-04,GROOMING,01
W8-5750,2016-12-05,VACCINATIONS,02
L0-6660,2016-12-05,VACCINATIONS,05
U0-5987,2016-12-05,VACCINATIONS,05
X8-8611,2016-12-05,VACCINATIONS,05
L2-1834,2016-12-05,VACCINATIONS,05
J8-7429,2016-12-05,VACCINATIONS,05
X8-8611,2016-12-05,VACCINATIONS,05
X7-2632,2016-12-05,VACCINATIONS,05
U8-6473,2016-12-05,VACCINATIONS,05
H8-1429,2016-12-05,VACCINATIONS,05
X6-4876,2016-12-05,VACCINATIONS,05
G0-8531,2016-12-05,VACCINATIONS,05
N6-7350,2016-12-05,VACCINATIONS,05
G4-8096,2016-12-05,GROOMING,01
K4-5012,2016-12-05,ORTHOPEDIC,03
W8-5750,2016-12-05,GENERAL SURGERIES,010
P9-6519,2016-12-05,GENERAL SURGERIES,09
S4-4013,2016-12-05,VACCINATIONS,05
M2-1131,2016-12-05,GROOMING,03
J6-8562,2016-12-05,GROOMING,03
G4-8096,2016-12-05,GROOMING,03
L4-4030,2016-12-05,GROOMING,03
X0-8765,2016-12-05,GROOMING,03
J1-6366,2016-12-05,GROOMING,01
R4-6131,2016-12-05,GROOMING,01
J1-6366,2016-12-05,GENERAL SURGERIES,03
I6-9459,2016-12-06,VACCINATIONS,05
G4-8096,2016-12-07,VACCINATIONS,05
I7-9550,2016-12-07,VACCINATIONS,05
W9-8307,2016-12-07,VACCINATIONS,05
H8-1429,2016-12-07,VACCINATIONS,05
P7-2443,2016-12-07,VACCINATIONS,05
L4-4030,2016-12-07,VACCINATIONS,05
P0-1725,2016-12-07,VACCINATIONS,05
R7-4835,2016-12-07,VACCINATIONS,05
P2-7342,2016-12-07,VACCINATIONS,05
I5-4893,2016-12-07,VACCINATIONS,05
U2-4205,2016-12-07,VACCINATIONS,05
Q0-8904,2016-12-07,GENERAL SURGERIES,03
U2-7207,2016-12-07,GROOMING,03
P9-6519,2016-12-07,GROOMING,03
T8-1754,2016-12-08,VACCINATIONS,05
S5-5938,2016-12-08,VACCINATIONS,05
U8-6473,2016-12-08,VACCINATIONS,05
Z4-4045,2016-12-08,VACCINATIONS,05
G0-8531,2016-12-08,VACCINATIONS,05
M4-9675,2016-12-08,VACCINATIONS,05
P9-6519,2016-12-08,GENERAL SURGERIES,017
P0-1725,2016-12-08,GENERAL SURGERIES,013
V2-4634,2016-12-08,GENERAL SURGERIES,04
S4-9578,2016-12-08,GROOMING,01
U6-4890,2016-12-09,ORTHOPEDIC,02
Z4-5652,2016-12-09,VACCINATIONS,05
K4-5012,2016-12-09,VACCINATIONS,05
P2-7342,2016-12-09,VACCINATIONS,05
Z8-4419,2016-12-09,VACCINATIONS,05
M8-7852,2016-12-09,GROOMING,01
I5-4893,2016-12-09,GROOMING,01
R3-7551,2016-12-10,VACCINATIONS,05
W9-8307,2016-12-10,VACCINATIONS,05
I2-7926,2016-12-10,VACCINATIONS,05
G0-8531,2016-12-10,VACCINATIONS,05
U4-9376,2016-12-10,VACCINATIONS,05
X0-8765,2016-12-10,VACCINATIONS,05
V5-2342,2016-12-10,VACCINATIONS,05
I7-9550,2016-12-10,VACCINATIONS,05
Q4-9479,2016-12-10,VACCINATIONS,05
J6-8562,2016-12-10,VACCINATIONS,05
I7-9550,2016-12-10,VACCINATIONS,05
R3-7551,2016-12-10,OFFICE FEES,01
O8-2501,2016-12-10,GENERAL SURGERIES,019
V7-6771,2016-12-10,GENERAL SURGERIES,019
Q5-5872,2016-12-10,GENERAL SURGERIES,014
U0-5987,2016-12-10,VACCINATIONS,06
Q2-3642,2016-12-10,ORTHOPEDIC,01
L4-6292,2016-12-10,GROOMING,03
R3-7551,2016-12-10,GROOMING,03
Z6-3226,2016-12-10,GROOMING,03
P2-7342,2016-12-10,GROOMING,03
T0-5705,2016-12-10,GROOMING,03
H8-8856,2016-12-10,GROOMING,01
F1-1855,2016-12-10,GROOMING,01
O3-1895,2016-12-10,GROOMING,01
S4-0789,2016-12-10,GROOMING,01
J6-8562,2016-12-10,GROOMING,01
L8-9022,2016-12-10,GROOMING,01
R3-7551,2016-12-11,GENERAL SURGERIES,01
Q8-8753,2016-12-11,VACCINATIONS,05
O5-2472,2016-12-11,VACCINATIONS,05
O8-0027,2016-12-11,GENERAL SURGERIES,012
Z4-5652,2016-12-12,VACCINATIONS,05
U4-6674,2016-12-13,VACCINATIONS,05
S1-2243,2016-12-14,VACCINATIONS,05
G0-8531,2016-12-14,VACCINATIONS,05
L8-0046,2016-12-14,HOSPITALIZATION,01
L4-4030,2016-12-14,GROOMING,03
S1-2243,2016-12-15,VACCINATIONS,05
R7-4835,2016-12-15,VACCINATIONS,05
G6-6501,2016-12-15,VACCINATIONS,05
J0-7893,2016-12-15,VACCINATIONS,05
M0-2904,2016-12-15,VACCINATIONS,05
M4-9675,2016-12-15,GROOMING,03
U2-7207,2016-12-15,GROOMING,01
P9-6519,2016-12-15,GENERAL SURGERIES,03
S4-1063,2016-12-16,VACCINATIONS,05
J2-4382,2016-12-16,VACCINATIONS,05
K4-5012,2016-12-16,VACCINATIONS,05
L4-6292,2016-12-16,VACCINATIONS,05
R4-6131,2016-12-16,VACCINATIONS,05
H8-1429,2016-12-16,VACCINATIONS,05
L2-1834,2016-12-16,VACCINATIONS,05
S4-0789,2016-12-16,VACCINATIONS,05
U4-6674,2016-12-16,VACCINATIONS,05
X8-9212,2016-12-16,VACCINATIONS,05
L4-4205,2016-12-16,VACCINATIONS,05
Q0-3593,2016-12-17,VACCINATIONS,05
P9-6519,2016-12-18,VACCINATIONS,05
L4-2594,2016-12-18,VACCINATIONS,05
L4-4205,2016-12-18,VACCINATIONS,05
X6-4876,2016-12-18,VACCINATIONS,05
U4-9376,2016-12-18,VACCINATIONS,05
I2-7926,2016-12-18,VACCINATIONS,05
R3-7551,2016-12-18,VACCINATIONS,05
X0-8765,2016-12-18,GENERAL SURGERIES,015
P9-6519,2016-12-18,GENERAL SURGERIES,09
X8-9212,2016-12-19,VACCINATIONS,05
T0-3277,2016-12-19,VACCINATIONS,05
O6-3123,2016-12-19,VACCINATIONS,03
M2-1131,2016-12-20,VACCINATIONS,05
V2-4634,2016-12-20,VACCINATIONS,05
U4-5113,2016-12-20,GROOMING,03
G6-6501,2016-12-21,VACCINATIONS,05
L8-9022,2016-12-21,VACCINATIONS,05
J0-7893,2016-12-21,VACCINATIONS,05
Q8-3145,2016-12-21,VACCINATIONS,05
V5-2342,2016-12-21,VACCINATIONS,05
N6-7350,2016-12-21,VACCINATIONS,05
W8-5750,2016-12-21,VACCINATIONS,05
J1-6366,2016-12-21,GENERAL SURGERIES,01
M2-1131,2016-12-21,ORTHOPEDIC,05
L4-6292,2016-12-21,GROOMING,01
L4-2594,2016-12-22,GENERAL SURGERIES,06
N0-9539,2016-12-22,VACCINATIONS,05
V4-6172,2016-12-22,VACCINATIONS,05
T8-1754,2016-12-22,VACCINATIONS,05
L4-9973,2016-12-22,VACCINATIONS,05
I7-9550,2016-12-22,VACCINATIONS,05
S4-2254,2016-12-22,VACCINATIONS,05
U0-5987,2016-12-22,VACCINATIONS,05
V2-4634,2016-12-22,VACCINATIONS,05
O5-2472,2016-12-22,VACCINATIONS,05
I6-9459,2016-12-22,VACCINATIONS,05
L4-4205,2016-12-22,HOSPITALIZATION,01
X7-2632,2016-12-22,GENERAL SURGERIES,04
W8-5750,2016-12-22,VACCINATIONS,02
J2-3320,2016-12-22,GENERAL SURGERIES,02
U0-5987,2016-12-22,GROOMING,03
S4-9578,2016-12-22,GROOMING,01
T2-2142,2016-12-22,GROOMING,01
N0-9539,2016-12-23,VACCINATIONS,05
L4-6292,2016-12-23,VACCINATIONS,05
J0-7893,2016-12-23,VACCINATIONS,05
W7-6372,2016-12-23,VACCINATIONS,05
X7-2632,2016-12-23,VACCINATIONS,05
S4-1063,2016-12-23,VACCINATIONS,05
Z4-5652,2016-12-24,GROOMING,03
P1-2578,2016-12-25,VACCINATIONS,05
L2-1834,2016-12-26,VACCINATIONS,05
M4-9675,2016-12-26,VACCINATIONS,05
M2-1131,2016-12-27,GROOMING,01
H8-1429,2016-12-27,VACCINATIONS,05
I5-4893,2016-12-27,VACCINATIONS,05
O3-1895,2016-12-27,VACCINATIONS,05
O8-0027,2016-12-27,VACCINATIONS,05
N0-9539,2016-12-27,VACCINATIONS,05
S4-4013,2016-12-27,VACCINATIONS,05
S5-5938,2016-12-27,VACCINATIONS,05
W8-5750,2016-12-27,VACCINATIONS,05
I7-9550,2016-12-27,VACCINATIONS,05
L8-9022,2016-12-27,VACCINATIONS,05
L4-4030,2016-12-27,ORTHOPEDIC,03
S4-1063,2016-12-27,GROOMING,03
L8-0046,2016-12-28,VACCINATIONS,05
O1-7229,2016-12-28,VACCINATIONS,05
Q0-3593,2016-12-28,VACCINATIONS,05
P2-7342,2016-12-28,VACCINATIONS,05
V4-6172,2016-12-28,VACCINATIONS,05
G4-8096,2016-12-28,VACCINATIONS,05
Q0-2001,2016-12-28,VACCINATIONS,05
L0-6660,2016-12-28,VACCINATIONS,05
T2-2142,2016-12-28,VACCINATIONS,05
U8-6473,2016-12-28,VACCINATIONS,05
N7-6805,2016-12-28,VACCINATIONS,05
Z4-4045,2016-12-28,GENERAL SURGERIES,08
R3-7551,2016-12-28,GROOMING,03
O3-1895,2016-12-28,GROOMING,01
J1-6366,2016-12-28,GROOMING,01
U2-4205,2016-12-28,GROOMING,01
P9-3625,2016-12-28,GROOMING,01
G0-7675,2016-12-28,GROOMING,01
I7-9550,2016-12-28,GROOMING,01
F1-1855,2016-12-28,GENERAL SURGERIES,03
U2-4205,2016-12-29,GENERAL SURGERIES,07
P9-3625,2016-12-29,VACCINATIONS,05
K4-5012,2016-12-29,GENERAL SURGERIES,017
M2-1131,2016-12-30,VACCINATIONS,05
Q0-8904,2016-12-30,VACCINATIONS,05
F1-1855,2016-12-30,VACCINATIONS,05
T2-2142,2016-12-30,VACCINATIONS,05
Q0-2001,2016-12-30,ORTHOPEDIC,03
M8-7852,2016-12-31,VACCINATIONS,05
I6-9459,2016-12-31,VACCINATIONS,05
